[
{
    "model": "auth.user",
    "pk": 1,
    "fields": {
        "date_joined": "2015-02-19T12:41:31.270Z",
        "is_superuser": true,
        "password": "pbkdf2_sha256$15000$NXzgBUAjmJPr$HMML/gHCH8Y5k5x+sdJQHXRgJL8BUKjph3V1cAAAah0=",
        "is_staff": true,
        "last_name": "",
        "user_permissions": [],
        "groups": [],
        "username": "admin",
        "email": "s083928@student.dtu.dk",
        "first_name": "",
        "is_active": true,
        "last_login": "2015-06-24T16:21:36.131Z"
    }
},
{
    "model": "auth.user",
    "pk": 2,
    "fields": {
        "date_joined": "2015-06-04T21:51:48.930Z",
        "is_superuser": false,
        "password": "pbkdf2_sha256$15000$zQOU1gtljnMZ$+Zn3E32JccJ6LVHY3yEqB+oR687NYs3QmZedGimKcdA=",
        "is_staff": false,
        "last_name": "Oikonomidis",
        "user_permissions": [],
        "groups": [],
        "username": "johnecon",
        "email": "johnnyecon@gmail.com",
        "first_name": "Ioannis",
        "is_active": true,
        "last_login": "2015-06-04T21:56:22.088Z"
    }
},
{
    "model": "auth.user",
    "pk": 3,
    "fields": {
        "date_joined": "2015-06-04T21:51:48Z",
        "is_superuser": false,
        "password": "",
        "is_staff": false,
        "last_name": "Nylander",
        "user_permissions": [],
        "groups": [],
        "username": "s122176",
        "email": "s122176@student.dtu.dk",
        "first_name": "Dave",
        "is_active": true,
        "last_login": "2015-06-04T21:51:48Z"
    }
},
{
    "model": "auth.user",
    "pk": 4,
    "fields": {
        "date_joined": "2015-06-04T21:51:48.972Z",
        "is_superuser": false,
        "password": "",
        "is_staff": false,
        "last_name": "Storrle",
        "user_permissions": [],
        "groups": [],
        "username": "hsto",
        "email": "hsto@dtu.dk",
        "first_name": "Harrald",
        "is_active": true,
        "last_login": "2015-06-04T21:51:48.972Z"
    }
},
{
    "model": "auth.user",
    "pk": 5,
    "fields": {
        "date_joined": "2015-06-04T21:51:48Z",
        "is_superuser": false,
        "password": "pbkdf2_sha256$15000$wZ0bN5RycBLz$UH32OlLEYDkYTNXxxv+lH0P+oU8aM/HkPoumOKMPkjA=",
        "is_staff": false,
        "last_name": "Eriksen",
        "user_permissions": [],
        "groups": [],
        "username": "test",
        "email": "s133998@student.dtu.dk",
        "first_name": "Alice",
        "is_active": true,
        "last_login": "2015-06-21T22:52:16.682Z"
    }
},
{
    "model": "auth.user",
    "pk": 6,
    "fields": {
        "date_joined": "2015-06-04T21:51:49Z",
        "is_superuser": false,
        "password": "",
        "is_staff": false,
        "last_name": "Behrens",
        "user_permissions": [],
        "groups": [],
        "username": "s133987",
        "email": "s133987@student.dtu.dk",
        "first_name": "Bob",
        "is_active": true,
        "last_login": "2015-06-04T21:51:49Z"
    }
},
{
    "model": "auth.user",
    "pk": 7,
    "fields": {
        "date_joined": "2015-06-07T12:40:29.011Z",
        "is_superuser": false,
        "password": "pbkdf2_sha256$15000$OwwOKGQ70Nzq$EPx3mq9RCdIYGKd2UjMb49qggweqdxnUIVxDHYyH6s4=",
        "is_staff": false,
        "last_name": "",
        "user_permissions": [],
        "groups": [],
        "username": "arrt2002",
        "email": "arrt2002bsb@yahoo.com",
        "first_name": "",
        "is_active": true,
        "last_login": "2015-06-07T12:40:29.164Z"
    }
},
{
    "model": "auth.user",
    "pk": 8,
    "fields": {
        "date_joined": "2015-06-08T12:44:01.243Z",
        "is_superuser": false,
        "password": "pbkdf2_sha256$15000$Q2KjCt0dTKeh$tVJtP3thhYZ7Vq4YJPd5jVI3mwz68yCy4N6TpXKVD2I=",
        "is_staff": false,
        "last_name": "",
        "user_permissions": [],
        "groups": [],
        "username": "ahmadreza",
        "email": "",
        "first_name": "",
        "is_active": true,
        "last_login": "2015-06-08T12:44:01.243Z"
    }
},
{
    "model": "auth.user",
    "pk": 9,
    "fields": {
        "date_joined": "2015-06-08T13:09:15Z",
        "is_superuser": false,
        "password": "pbkdf2_sha256$15000$VLmYnAKjIJQ9$zmsKMOPLrHnQiIqylNp7BF82tS81TfZZal/QYltdEhE=",
        "is_staff": false,
        "last_name": "Snow",
        "user_permissions": [],
        "groups": [],
        "username": "Eve",
        "email": "john@snow.com",
        "first_name": "Eve",
        "is_active": true,
        "last_login": "2015-06-18T13:28:23Z"
    }
},
{
    "model": "auth.user",
    "pk": 10,
    "fields": {
        "date_joined": "2015-06-13T20:42:15Z",
        "is_superuser": false,
        "password": "pbkdf2_sha256$15000$8p7uBow9Gtlh$lhpPiUFypTiUnzu0KOzFX9QcEvDE4+fkY1vKGRgyJr4=",
        "is_staff": false,
        "last_name": "Oikonomidis",
        "user_permissions": [],
        "groups": [],
        "username": "s083928",
        "email": "johnnyecong@gmail.com",
        "first_name": "Charlie",
        "is_active": true,
        "last_login": "2015-06-13T20:42:15Z"
    }
},
{
    "model": "docServer.userprofile",
    "pk": 1,
    "fields": {
        "phone": null,
        "user": [
            "admin"
        ],
        "date_modified": "2015-06-04T21:51:20.729Z",
        "skype": "",
        "date_created": "2015-06-04T21:51:20.729Z",
        "comment": ""
    }
},
{
    "model": "docServer.userprofile",
    "pk": 2,
    "fields": {
        "phone": null,
        "user": [
            "johnecon"
        ],
        "date_modified": "2015-06-04T21:51:48.937Z",
        "skype": "",
        "date_created": "2015-06-04T21:51:48.937Z",
        "comment": ""
    }
},
{
    "model": "docServer.userprofile",
    "pk": 3,
    "fields": {
        "phone": null,
        "user": [
            "s122176"
        ],
        "date_modified": "2015-06-04T21:51:48.952Z",
        "skype": "",
        "date_created": "2015-06-04T21:51:48.952Z",
        "comment": ""
    }
},
{
    "model": "docServer.userprofile",
    "pk": 4,
    "fields": {
        "phone": null,
        "user": [
            "hsto"
        ],
        "date_modified": "2015-06-04T21:51:48.977Z",
        "skype": "",
        "date_created": "2015-06-04T21:51:48.977Z",
        "comment": ""
    }
},
{
    "model": "docServer.userprofile",
    "pk": 5,
    "fields": {
        "phone": null,
        "user": [
            "test"
        ],
        "date_modified": "2015-06-04T21:51:48.992Z",
        "skype": "",
        "date_created": "2015-06-04T21:51:48.992Z",
        "comment": ""
    }
},
{
    "model": "docServer.userprofile",
    "pk": 6,
    "fields": {
        "phone": null,
        "user": [
            "s133987"
        ],
        "date_modified": "2015-06-04T21:51:49.014Z",
        "skype": "",
        "date_created": "2015-06-04T21:51:49.013Z",
        "comment": ""
    }
},
{
    "model": "docServer.userprofile",
    "pk": 7,
    "fields": {
        "phone": null,
        "user": [
            "arrt2002"
        ],
        "date_modified": "2015-06-07T12:40:29.098Z",
        "skype": "",
        "date_created": "2015-06-07T12:40:29.098Z",
        "comment": ""
    }
},
{
    "model": "docServer.userprofile",
    "pk": 8,
    "fields": {
        "phone": null,
        "user": [
            "ahmadreza"
        ],
        "date_modified": "2015-06-08T12:44:01.317Z",
        "skype": "",
        "date_created": "2015-06-08T12:44:01.317Z",
        "comment": ""
    }
},
{
    "model": "docServer.userprofile",
    "pk": 9,
    "fields": {
        "phone": null,
        "user": [
            "Eve"
        ],
        "date_modified": "2015-06-08T13:09:15.245Z",
        "skype": "",
        "date_created": "2015-06-08T13:09:15.245Z",
        "comment": ""
    }
},
{
    "model": "docServer.userprofile",
    "pk": 10,
    "fields": {
        "phone": null,
        "user": [
            "s083928"
        ],
        "date_modified": "2015-06-13T20:42:16.055Z",
        "skype": "",
        "date_created": "2015-06-13T20:42:16.055Z",
        "comment": ""
    }
},
{
    "model": "docServer.project",
    "pk": 1,
    "fields": {
        "name": "02264F15-1A The MultiMediaMaster",
        "contributors": [
            [
                "s122176"
            ],
            [
                "s133987"
            ]
        ],
        "date_modified": "2015-06-07T14:23:01.145Z",
        "created_by": [
            "admin"
        ],
        "date_created": "2015-06-04T21:51:48.964Z",
        "leaders": [
            [
                "test"
            ]
        ],
        "supervisors": [
            [
                "johnecon"
            ],
            [
                "hsto"
            ]
        ]
    }
},
{
    "model": "docServer.project",
    "pk": 2,
    "fields": {
        "name": "02264F15-1B",
        "contributors": [
            [
                "Eve"
            ],
            [
                "johnecon"
            ]
        ],
        "date_modified": "2015-06-08T13:11:43.961Z",
        "created_by": [
            "admin"
        ],
        "date_created": "2015-06-04T21:51:49.023Z",
        "leaders": [
            [
                "s133987"
            ]
        ],
        "supervisors": [
            [
                "johnecon"
            ],
            [
                "hsto"
            ]
        ]
    }
},
{
    "model": "docServer.project",
    "pk": 3,
    "fields": {
        "name": "LMS Case Study",
        "contributors": [
            [
                "s083928"
            ],
            [
                "s122176"
            ],
            [
                "test"
            ],
            [
                "s133987"
            ]
        ],
        "date_modified": "2015-06-13T20:43:24.399Z",
        "created_by": [
            "admin"
        ],
        "date_created": "2015-06-13T20:43:24.399Z",
        "leaders": [
            [
                "s083928"
            ]
        ],
        "supervisors": [
            [
                "admin"
            ],
            [
                "johnecon"
            ],
            [
                "hsto"
            ]
        ]
    }
},
{
    "model": "docServer.resource",
    "pk": 1,
    "fields": {
        "real_type": [
            "docServer",
            "file"
        ],
        "name": "image21.jpeg",
        "project": 2,
        "date_modified": "2015-06-05T13:34:30.851Z",
        "date_created": "2015-06-05T13:34:30.851Z",
        "created_by": [
            "admin"
        ]
    }
},
{
    "model": "docServer.resource",
    "pk": 2,
    "fields": {
        "real_type": [
            "docServer",
            "file"
        ],
        "name": "image21.jpeg",
        "project": 1,
        "date_modified": "2015-06-06T19:11:57.058Z",
        "date_created": "2015-06-06T19:11:57.058Z",
        "created_by": [
            "admin"
        ]
    }
},
{
    "model": "docServer.resource",
    "pk": 3,
    "fields": {
        "real_type": [
            "docServer",
            "file"
        ],
        "name": "Chrysanthemum.jpg",
        "project": 1,
        "date_modified": "2015-06-07T15:46:01.358Z",
        "date_created": "2015-06-07T15:46:01.358Z",
        "created_by": [
            "admin"
        ]
    }
},
{
    "model": "docServer.resource",
    "pk": 4,
    "fields": {
        "real_type": [
            "docServer",
            "file"
        ],
        "name": "Desert.jpg",
        "project": 1,
        "date_modified": "2015-06-07T15:46:16.755Z",
        "date_created": "2015-06-07T15:46:16.755Z",
        "created_by": [
            "admin"
        ]
    }
},
{
    "model": "docServer.resource",
    "pk": 5,
    "fields": {
        "real_type": [
            "docServer",
            "file"
        ],
        "name": "Hydrangeas.jpg",
        "project": 1,
        "date_modified": "2015-06-07T15:46:25.208Z",
        "date_created": "2015-06-07T15:46:25.208Z",
        "created_by": [
            "admin"
        ]
    }
},
{
    "model": "docServer.resource",
    "pk": 6,
    "fields": {
        "real_type": [
            "docServer",
            "file"
        ],
        "name": "Jellyfish.jpg",
        "project": 1,
        "date_modified": "2015-06-07T15:46:31.395Z",
        "date_created": "2015-06-07T15:46:31.395Z",
        "created_by": [
            "admin"
        ]
    }
},
{
    "model": "docServer.resource",
    "pk": 7,
    "fields": {
        "real_type": [
            "docServer",
            "folder"
        ],
        "name": "Domain Model",
        "project": 1,
        "date_modified": "2015-06-07T15:47:08.429Z",
        "date_created": "2015-06-07T15:47:08.428Z",
        "created_by": [
            "admin"
        ]
    }
},
{
    "model": "docServer.resource",
    "pk": 8,
    "fields": {
        "real_type": [
            "docServer",
            "file"
        ],
        "name": "Jellyfish.jpg",
        "project": 1,
        "date_modified": "2015-06-07T15:47:08.467Z",
        "date_created": "2015-06-07T15:47:08.453Z",
        "created_by": [
            "admin"
        ]
    }
},
{
    "model": "docServer.resource",
    "pk": 9,
    "fields": {
        "real_type": [
            "docServer",
            "file"
        ],
        "name": "Chrysanthemum.jpg",
        "project": 1,
        "date_modified": "2015-06-07T15:47:08.534Z",
        "date_created": "2015-06-07T15:47:08.502Z",
        "created_by": [
            "admin"
        ]
    }
},
{
    "model": "docServer.resource",
    "pk": 10,
    "fields": {
        "real_type": [
            "docServer",
            "file"
        ],
        "name": "Desert.jpg",
        "project": 1,
        "date_modified": "2015-06-07T15:47:08.592Z",
        "date_created": "2015-06-07T15:47:08.577Z",
        "created_by": [
            "admin"
        ]
    }
},
{
    "model": "docServer.resource",
    "pk": 11,
    "fields": {
        "real_type": [
            "docServer",
            "file"
        ],
        "name": "Hydrangeas.jpg",
        "project": 1,
        "date_modified": "2015-06-07T15:47:08.641Z",
        "date_created": "2015-06-07T15:47:08.627Z",
        "created_by": [
            "admin"
        ]
    }
},
{
    "model": "docServer.resource",
    "pk": 12,
    "fields": {
        "real_type": [
            "docServer",
            "file"
        ],
        "name": "Tulips.jpg",
        "project": 1,
        "date_modified": "2015-06-07T15:52:25.225Z",
        "date_created": "2015-06-07T15:52:25.225Z",
        "created_by": [
            "admin"
        ]
    }
},
{
    "model": "docServer.resource",
    "pk": 13,
    "fields": {
        "real_type": [
            "docServer",
            "file"
        ],
        "name": "Chrysanthemum.jpg",
        "project": 3,
        "date_modified": "2015-06-19T16:55:24.075Z",
        "date_created": "2015-06-19T16:55:24.075Z",
        "created_by": [
            "admin"
        ]
    }
},
{
    "model": "docServer.resource",
    "pk": 14,
    "fields": {
        "real_type": [
            "docServer",
            "file"
        ],
        "name": "Desert.jpg",
        "project": 3,
        "date_modified": "2015-06-19T16:55:35.508Z",
        "date_created": "2015-06-19T16:55:35.508Z",
        "created_by": [
            "admin"
        ]
    }
},
{
    "model": "docServer.resource",
    "pk": 15,
    "fields": {
        "real_type": [
            "docServer",
            "file"
        ],
        "name": "Hydrangeas.jpg",
        "project": 3,
        "date_modified": "2015-06-19T16:55:43.561Z",
        "date_created": "2015-06-19T16:55:43.561Z",
        "created_by": [
            "admin"
        ]
    }
},
{
    "model": "docServer.resource",
    "pk": 16,
    "fields": {
        "real_type": [
            "docServer",
            "file"
        ],
        "name": "my_file.jpg",
        "project": 3,
        "date_modified": "2015-06-19T17:08:27.289Z",
        "date_created": "2015-06-19T17:08:27.289Z",
        "created_by": [
            "admin"
        ]
    }
},
{
    "model": "docServer.resource",
    "pk": 17,
    "fields": {
        "real_type": [
            "docServer",
            "folder"
        ],
        "name": "Stakeholders",
        "project": 3,
        "date_modified": "2015-06-19T17:10:11.188Z",
        "date_created": "2015-06-19T17:10:11.188Z",
        "created_by": [
            "admin"
        ]
    }
},
{
    "model": "docServer.resource",
    "pk": 18,
    "fields": {
        "real_type": [
            "docServer",
            "file"
        ],
        "name": "my_file.jpg",
        "project": 3,
        "date_modified": "2015-06-19T17:10:11.217Z",
        "date_created": "2015-06-19T17:10:11.211Z",
        "created_by": [
            "admin"
        ]
    }
},
{
    "model": "docServer.resource",
    "pk": 19,
    "fields": {
        "real_type": [
            "docServer",
            "file"
        ],
        "name": "Hydrangeas.jpg",
        "project": 3,
        "date_modified": "2015-06-19T17:10:11.258Z",
        "date_created": "2015-06-19T17:10:11.251Z",
        "created_by": [
            "admin"
        ]
    }
},
{
    "model": "docServer.resource",
    "pk": 20,
    "fields": {
        "real_type": [
            "docServer",
            "file"
        ],
        "name": "Desert.jpg",
        "project": 3,
        "date_modified": "2015-06-19T17:10:11.300Z",
        "date_created": "2015-06-19T17:10:11.293Z",
        "created_by": [
            "admin"
        ]
    }
},
{
    "model": "docServer.resource",
    "pk": 21,
    "fields": {
        "real_type": [
            "docServer",
            "file"
        ],
        "name": "Chrysanthemum.jpg",
        "project": 3,
        "date_modified": "2015-06-19T17:10:11.342Z",
        "date_created": "2015-06-19T17:10:11.333Z",
        "created_by": [
            "admin"
        ]
    }
},
{
    "model": "docServer.resource",
    "pk": 22,
    "fields": {
        "real_type": [
            "docServer",
            "file"
        ],
        "name": "Chrysanthemum.jpg",
        "project": 2,
        "date_modified": "2015-06-19T18:25:13.109Z",
        "date_created": "2015-06-19T18:25:13.108Z",
        "created_by": [
            "admin"
        ]
    }
},
{
    "model": "docServer.resource",
    "pk": 23,
    "fields": {
        "real_type": [
            "docServer",
            "file"
        ],
        "name": "Chrysanthemum.jpg",
        "project": 2,
        "date_modified": "2015-06-22T19:00:45.804Z",
        "date_created": "2015-06-22T19:00:45.792Z",
        "created_by": [
            "admin"
        ]
    }
},
{
    "model": "docServer.resource",
    "pk": 24,
    "fields": {
        "real_type": [
            "docServer",
            "file"
        ],
        "name": "Chrysanthemum.jpg",
        "project": 3,
        "date_modified": "2015-06-23T15:45:28.475Z",
        "date_created": "2015-06-23T15:45:28.475Z",
        "created_by": [
            "admin"
        ]
    }
},
{
    "model": "docServer.resource",
    "pk": 25,
    "fields": {
        "real_type": [
            "docServer",
            "file"
        ],
        "name": "Desert.jpg",
        "project": 3,
        "date_modified": "2015-06-23T16:01:47.163Z",
        "date_created": "2015-06-23T16:01:47.163Z",
        "created_by": [
            "admin"
        ]
    }
},
{
    "model": "docServer.resource",
    "pk": 26,
    "fields": {
        "real_type": [
            "docServer",
            "file"
        ],
        "name": "Chrysanthemum.jpg",
        "project": 3,
        "date_modified": "2015-06-23T16:01:47.212Z",
        "date_created": "2015-06-23T16:01:47.212Z",
        "created_by": [
            "admin"
        ]
    }
},
{
    "model": "docServer.resource",
    "pk": 27,
    "fields": {
        "real_type": [
            "docServer",
            "file"
        ],
        "name": "Hydrangeas.jpg",
        "project": 3,
        "date_modified": "2015-06-23T16:02:11.110Z",
        "date_created": "2015-06-23T16:02:11.110Z",
        "created_by": [
            "admin"
        ]
    }
},
{
    "model": "docServer.folder",
    "pk": 7,
    "fields": {
        "items": [
            8,
            9,
            10,
            11
        ]
    }
},
{
    "model": "docServer.folder",
    "pk": 17,
    "fields": {
        "items": [
            18,
            19,
            20,
            21
        ]
    }
},
{
    "model": "docServer.file",
    "pk": 1,
    "fields": {
        "format": "",
        "file": "resources/project_2/image21.jpeg"
    }
},
{
    "model": "docServer.file",
    "pk": 2,
    "fields": {
        "format": "",
        "file": "resources/project_1/image21.jpeg"
    }
},
{
    "model": "docServer.file",
    "pk": 3,
    "fields": {
        "format": "",
        "file": "resources/project_1/Chrysanthemum.jpg"
    }
},
{
    "model": "docServer.file",
    "pk": 4,
    "fields": {
        "format": "",
        "file": "resources/project_1/Desert.jpg"
    }
},
{
    "model": "docServer.file",
    "pk": 5,
    "fields": {
        "format": "",
        "file": "resources/project_1/Hydrangeas.jpg"
    }
},
{
    "model": "docServer.file",
    "pk": 6,
    "fields": {
        "format": "",
        "file": "resources/project_1/Jellyfish.jpg"
    }
},
{
    "model": "docServer.file",
    "pk": 8,
    "fields": {
        "format": "",
        "file": "resources/project_1/Domain Model_7/Jellyfish.jpg"
    }
},
{
    "model": "docServer.file",
    "pk": 9,
    "fields": {
        "format": "",
        "file": "resources/project_1/Domain Model_7/Chrysanthemum.jpg"
    }
},
{
    "model": "docServer.file",
    "pk": 10,
    "fields": {
        "format": "",
        "file": "resources/project_1/Domain Model_7/Desert.jpg"
    }
},
{
    "model": "docServer.file",
    "pk": 11,
    "fields": {
        "format": "",
        "file": "resources/project_1/Domain Model_7/Hydrangeas.jpg"
    }
},
{
    "model": "docServer.file",
    "pk": 12,
    "fields": {
        "format": "",
        "file": "resources/project_1/Tulips.jpg"
    }
},
{
    "model": "docServer.file",
    "pk": 13,
    "fields": {
        "format": "",
        "file": "resources/project_3/Chrysanthemum.jpg"
    }
},
{
    "model": "docServer.file",
    "pk": 14,
    "fields": {
        "format": "",
        "file": "resources/project_3/Desert.jpg"
    }
},
{
    "model": "docServer.file",
    "pk": 15,
    "fields": {
        "format": "",
        "file": "resources/project_3/Hydrangeas.jpg"
    }
},
{
    "model": "docServer.file",
    "pk": 16,
    "fields": {
        "format": "",
        "file": "resources/project_3/my_file.jpg"
    }
},
{
    "model": "docServer.file",
    "pk": 18,
    "fields": {
        "format": "",
        "file": "resources/project_3/Stakeholders_17/my_file.jpg"
    }
},
{
    "model": "docServer.file",
    "pk": 19,
    "fields": {
        "format": "",
        "file": "resources/project_3/Stakeholders_17/Hydrangeas.jpg"
    }
},
{
    "model": "docServer.file",
    "pk": 20,
    "fields": {
        "format": "",
        "file": "resources/project_3/Stakeholders_17/Desert.jpg"
    }
},
{
    "model": "docServer.file",
    "pk": 21,
    "fields": {
        "format": "",
        "file": "resources/project_3/Stakeholders_17/Chrysanthemum.jpg"
    }
},
{
    "model": "docServer.file",
    "pk": 22,
    "fields": {
        "format": "",
        "file": "resources/project_2/Chrysanthemum.jpg"
    }
},
{
    "model": "docServer.file",
    "pk": 23,
    "fields": {
        "format": "",
        "file": "resources/project_2/Chrysanthemum_iQxrlsE.jpg"
    }
},
{
    "model": "docServer.file",
    "pk": 24,
    "fields": {
        "format": "",
        "file": "resources/project_3/Chrysanthemum1.jpg"
    }
},
{
    "model": "docServer.file",
    "pk": 25,
    "fields": {
        "format": "",
        "file": "resources/project_3/Desert1.jpg"
    }
},
{
    "model": "docServer.file",
    "pk": 26,
    "fields": {
        "format": "",
        "file": "resources/project_3/Chrysanthemum2.jpg"
    }
},
{
    "model": "docServer.file",
    "pk": 27,
    "fields": {
        "format": "",
        "file": "resources/project_3/Hydrangeas1.jpg"
    }
},
{
    "model": "docServer.graph",
    "pk": 1,
    "fields": {
        "date_modified": "2015-06-04T21:51:49.044Z",
        "date_created": "2015-06-04T21:51:49.044Z"
    }
},
{
    "model": "docServer.graph",
    "pk": 2,
    "fields": {
        "date_modified": "2015-06-04T21:51:49.066Z",
        "date_created": "2015-06-04T21:51:49.065Z"
    }
},
{
    "model": "docServer.graph",
    "pk": 3,
    "fields": {
        "date_modified": "2015-06-13T20:43:28.820Z",
        "date_created": "2015-06-13T20:43:28.820Z"
    }
},
{
    "model": "docServer.area",
    "pk": 1,
    "fields": {
        "real_type": [
            "docServer",
            "swimlane"
        ],
        "height": 1580.18333435059,
        "name": "s133998",
        "location_x": 0.0,
        "location_y": 0.0,
        "date_modified": "2015-06-09T21:17:36.973Z",
        "date_created": "2015-06-04T21:51:49.056Z",
        "expanded": false,
        "created_by": [
            "admin"
        ],
        "graph": 1,
        "width": 460.066665649414
    }
},
{
    "model": "docServer.area",
    "pk": 2,
    "fields": {
        "real_type": [
            "docServer",
            "swimlane"
        ],
        "height": 1580.18333435059,
        "name": "s122176",
        "location_x": 0.0,
        "location_y": 0.0,
        "date_modified": "2015-06-09T21:17:36.956Z",
        "date_created": "2015-06-04T21:51:49.062Z",
        "expanded": false,
        "created_by": [
            "admin"
        ],
        "graph": 1,
        "width": 302.0
    }
},
{
    "model": "docServer.area",
    "pk": 3,
    "fields": {
        "real_type": [
            "docServer",
            "swimlane"
        ],
        "height": 800.0,
        "name": "s133987",
        "location_x": 25.5,
        "location_y": 50.1213139900072,
        "date_modified": "2015-06-19T18:25:16.027Z",
        "date_created": "2015-06-04T21:51:49.073Z",
        "expanded": true,
        "created_by": [
            "admin"
        ],
        "graph": 2,
        "width": 300.0
    }
},
{
    "model": "docServer.area",
    "pk": 4,
    "fields": {
        "real_type": [
            "docServer",
            "swimlane"
        ],
        "height": 800.0,
        "name": "johnecon",
        "location_x": 0.5,
        "location_y": 50.1213139900072,
        "date_modified": "2015-06-19T18:25:16.013Z",
        "date_created": "2015-06-04T21:57:00.409Z",
        "expanded": false,
        "created_by": [
            "admin"
        ],
        "graph": 2,
        "width": 23.5228474983079
    }
},
{
    "model": "docServer.area",
    "pk": 5,
    "fields": {
        "real_type": [
            "docServer",
            "swimlane"
        ],
        "height": 1580.18333435059,
        "name": "s133987",
        "location_x": 0.0,
        "location_y": 0.0,
        "date_modified": "2015-06-09T21:17:36.989Z",
        "date_created": "2015-06-07T14:18:40.590Z",
        "expanded": false,
        "created_by": [
            "admin"
        ],
        "graph": 1,
        "width": 303.0
    }
},
{
    "model": "docServer.area",
    "pk": 6,
    "fields": {
        "real_type": [
            "docServer",
            "swimlane"
        ],
        "height": 800.0,
        "name": "Eve",
        "location_x": 326.5,
        "location_y": 50.1213139900072,
        "date_modified": "2015-06-19T18:25:16.042Z",
        "date_created": "2015-06-08T13:11:47.617Z",
        "expanded": false,
        "created_by": [
            "admin"
        ],
        "graph": 2,
        "width": 23.5228474983079
    }
},
{
    "model": "docServer.area",
    "pk": 7,
    "fields": {
        "real_type": [
            "docServer",
            "swimlane"
        ],
        "height": 2743.32216080387,
        "name": "test",
        "location_x": 0.5,
        "location_y": 50.1213139900072,
        "date_modified": "2015-06-24T15:34:03.892Z",
        "date_created": "2015-06-13T20:43:28.840Z",
        "expanded": true,
        "created_by": [
            "admin"
        ],
        "graph": 3,
        "width": 377.877402960376
    }
},
{
    "model": "docServer.area",
    "pk": 8,
    "fields": {
        "real_type": [
            "docServer",
            "swimlane"
        ],
        "height": 2718.79931330556,
        "name": "s133987",
        "location_x": 379.5,
        "location_y": 50.1213139900072,
        "date_modified": "2015-06-24T15:34:03.910Z",
        "date_created": "2015-06-13T20:43:28.854Z",
        "expanded": true,
        "created_by": [
            "admin"
        ],
        "graph": 3,
        "width": 394.702394019621
    }
},
{
    "model": "docServer.area",
    "pk": 9,
    "fields": {
        "real_type": [
            "docServer",
            "swimlane"
        ],
        "height": 2718.79931330556,
        "name": "s083928",
        "location_x": 775.5,
        "location_y": 50.1213139900072,
        "date_modified": "2015-06-24T15:34:03.929Z",
        "date_created": "2015-06-13T20:43:28.871Z",
        "expanded": true,
        "created_by": [
            "admin"
        ],
        "graph": 3,
        "width": 436.0
    }
},
{
    "model": "docServer.area",
    "pk": 10,
    "fields": {
        "real_type": [
            "docServer",
            "swimlane"
        ],
        "height": 2718.79931330556,
        "name": "s122176",
        "location_x": 1212.5,
        "location_y": 50.1213139900072,
        "date_modified": "2015-06-24T15:34:03.859Z",
        "date_created": "2015-06-13T20:43:28.888Z",
        "expanded": true,
        "created_by": [
            "admin"
        ],
        "graph": 3,
        "width": 359.271528942905
    }
},
{
    "model": "docServer.area",
    "pk": 11,
    "fields": {
        "real_type": [
            "docServer",
            "area"
        ],
        "height": 800.0,
        "name": "Pool",
        "location_x": 0.0,
        "location_y": 0.0,
        "date_modified": "2015-06-16T11:35:22.019Z",
        "date_created": "2015-06-16T11:35:22.019Z",
        "expanded": false,
        "created_by": [
            "admin"
        ],
        "graph": 1,
        "width": 300.0
    }
},
{
    "model": "docServer.area",
    "pk": 12,
    "fields": {
        "real_type": [
            "docServer",
            "area"
        ],
        "height": 800.0,
        "name": "Pool",
        "location_x": 0.5,
        "location_y": 26.5984664916992,
        "date_modified": "2015-06-19T18:25:16.053Z",
        "date_created": "2015-06-16T11:35:22.055Z",
        "expanded": false,
        "created_by": [
            "admin"
        ],
        "graph": 2,
        "width": 300.0
    }
},
{
    "model": "docServer.area",
    "pk": 13,
    "fields": {
        "real_type": [
            "docServer",
            "area"
        ],
        "height": 800.0,
        "name": "Pool",
        "location_x": 0.5,
        "location_y": 26.5984664916992,
        "date_modified": "2015-06-24T15:34:03.875Z",
        "date_created": "2015-06-16T11:35:22.097Z",
        "expanded": false,
        "created_by": [
            "admin"
        ],
        "graph": 3,
        "width": 300.0
    }
},
{
    "model": "docServer.swimlane",
    "pk": 1,
    "fields": {
        "color": "#a2d98b",
        "user": [
            "test"
        ]
    }
},
{
    "model": "docServer.swimlane",
    "pk": 2,
    "fields": {
        "color": "#ababab",
        "user": [
            "s122176"
        ]
    }
},
{
    "model": "docServer.swimlane",
    "pk": 3,
    "fields": {
        "color": "#ffffff",
        "user": [
            "s133987"
        ]
    }
},
{
    "model": "docServer.swimlane",
    "pk": 4,
    "fields": {
        "color": "#ffffff",
        "user": [
            "johnecon"
        ]
    }
},
{
    "model": "docServer.swimlane",
    "pk": 5,
    "fields": {
        "color": "#cca786",
        "user": [
            "s133987"
        ]
    }
},
{
    "model": "docServer.swimlane",
    "pk": 6,
    "fields": {
        "color": "#ffffff",
        "user": [
            "Eve"
        ]
    }
},
{
    "model": "docServer.swimlane",
    "pk": 7,
    "fields": {
        "color": "#f2eff2",
        "user": [
            "test"
        ]
    }
},
{
    "model": "docServer.swimlane",
    "pk": 8,
    "fields": {
        "color": "#bdffd9",
        "user": [
            "s133987"
        ]
    }
},
{
    "model": "docServer.swimlane",
    "pk": 9,
    "fields": {
        "color": "#cdbfff",
        "user": [
            "s083928"
        ]
    }
},
{
    "model": "docServer.swimlane",
    "pk": 10,
    "fields": {
        "color": "#ff9e9e",
        "user": [
            "s122176"
        ]
    }
},
{
    "model": "docServer.node",
    "pk": 25,
    "fields": {
        "real_type": [
            "docServer",
            "objectnode"
        ],
        "height": 80.0,
        "location_y": 51.0,
        "date_modified": "2015-06-09T21:17:36.883Z",
        "created_by": [
            "admin"
        ],
        "assigned_to": 2,
        "date_created": "2015-06-07T14:21:27.472Z",
        "graph": 1,
        "width": 141.0,
        "location_x": 81.5
    }
},
{
    "model": "docServer.node",
    "pk": 26,
    "fields": {
        "real_type": [
            "docServer",
            "objectnode"
        ],
        "height": 84.0,
        "location_y": 53.0,
        "date_modified": "2015-06-09T21:17:36.824Z",
        "created_by": [
            "admin"
        ],
        "assigned_to": 1,
        "date_created": "2015-06-07T14:26:13.917Z",
        "graph": 1,
        "width": 101.0,
        "location_x": 484.933334350586
    }
},
{
    "model": "docServer.node",
    "pk": 27,
    "fields": {
        "real_type": [
            "docServer",
            "objectnode"
        ],
        "height": 83.0,
        "location_y": 75.5,
        "date_modified": "2015-06-09T21:17:36.838Z",
        "created_by": [
            "admin"
        ],
        "assigned_to": 5,
        "date_created": "2015-06-07T14:32:30.073Z",
        "graph": 1,
        "width": 117.0,
        "location_x": 920.5
    }
},
{
    "model": "docServer.node",
    "pk": 29,
    "fields": {
        "real_type": [
            "docServer",
            "actionnode"
        ],
        "height": 59.0,
        "location_y": 197.591667175293,
        "date_modified": "2015-06-09T21:17:36.852Z",
        "created_by": [
            "admin"
        ],
        "assigned_to": 1,
        "date_created": "2015-06-07T14:57:25.622Z",
        "graph": 1,
        "width": 148.0,
        "location_x": 484.933334350586
    }
},
{
    "model": "docServer.node",
    "pk": 30,
    "fields": {
        "real_type": [
            "docServer",
            "objectnode"
        ],
        "height": 82.0,
        "location_y": 313.183334350586,
        "date_modified": "2015-06-09T21:17:36.868Z",
        "created_by": [
            "admin"
        ],
        "assigned_to": 1,
        "date_created": "2015-06-07T15:04:28.788Z",
        "graph": 1,
        "width": 120.0,
        "location_x": 484.933334350586
    }
},
{
    "model": "docServer.node",
    "pk": 31,
    "fields": {
        "real_type": [
            "docServer",
            "objectnode"
        ],
        "height": 74.0,
        "location_y": 983.18333435059,
        "date_modified": "2015-06-09T21:17:36.911Z",
        "created_by": [
            "admin"
        ],
        "assigned_to": 1,
        "date_created": "2015-06-07T15:35:38.527Z",
        "graph": 1,
        "width": 168.0,
        "location_x": 547.933334350586
    }
},
{
    "model": "docServer.node",
    "pk": 32,
    "fields": {
        "real_type": [
            "docServer",
            "objectnode"
        ],
        "height": 65.0,
        "location_y": 471.000000000004,
        "date_modified": "2015-06-09T21:17:36.925Z",
        "created_by": [
            "admin"
        ],
        "assigned_to": 5,
        "date_created": "2015-06-07T15:35:38.535Z",
        "graph": 1,
        "width": 151.0,
        "location_x": 851.5
    }
},
{
    "model": "docServer.node",
    "pk": 33,
    "fields": {
        "real_type": [
            "docServer",
            "objectnode"
        ],
        "height": 70.0,
        "location_y": 986.18333435059,
        "date_modified": "2015-06-09T21:17:36.938Z",
        "created_by": [
            "admin"
        ],
        "assigned_to": 2,
        "date_created": "2015-06-07T15:35:38.542Z",
        "graph": 1,
        "width": 141.0,
        "location_x": 109.066665649414
    }
},
{
    "model": "docServer.node",
    "pk": 34,
    "fields": {
        "real_type": [
            "docServer",
            "actionnode"
        ],
        "height": 71.0,
        "location_y": 1126.43333435059,
        "date_modified": "2015-06-09T21:17:36.700Z",
        "created_by": [
            "admin"
        ],
        "assigned_to": 2,
        "date_created": "2015-06-07T15:35:38.550Z",
        "graph": 1,
        "width": 159.0,
        "location_x": 109.066665649414
    }
},
{
    "model": "docServer.node",
    "pk": 35,
    "fields": {
        "real_type": [
            "docServer",
            "objectnode"
        ],
        "height": 94.0,
        "location_y": 1246.18333435059,
        "date_modified": "2015-06-09T21:17:36.718Z",
        "created_by": [
            "admin"
        ],
        "assigned_to": 2,
        "date_created": "2015-06-07T15:35:38.557Z",
        "graph": 1,
        "width": 134.0,
        "location_x": 113.566665649414
    }
},
{
    "model": "docServer.node",
    "pk": 36,
    "fields": {
        "real_type": [
            "docServer",
            "actionnode"
        ],
        "height": 40.0,
        "location_y": 457.183334350586,
        "date_modified": "2015-06-09T21:17:36.731Z",
        "created_by": [
            "admin"
        ],
        "assigned_to": 1,
        "date_created": "2015-06-07T15:44:06.334Z",
        "graph": 1,
        "width": 135.0,
        "location_x": 462.5
    }
},
{
    "model": "docServer.node",
    "pk": 37,
    "fields": {
        "real_type": [
            "docServer",
            "objectnode"
        ],
        "height": 0.0,
        "location_y": 553.183334350586,
        "date_modified": "2015-06-09T21:17:36.749Z",
        "created_by": [
            "admin"
        ],
        "assigned_to": 2,
        "date_created": "2015-06-07T15:44:06.342Z",
        "graph": 1,
        "width": 0.0,
        "location_x": 125.566665649414
    }
},
{
    "model": "docServer.node",
    "pk": 38,
    "fields": {
        "real_type": [
            "docServer",
            "objectnode"
        ],
        "height": 0.0,
        "location_y": 618.183334350586,
        "date_modified": "2015-06-09T21:17:36.765Z",
        "created_by": [
            "admin"
        ],
        "assigned_to": 1,
        "date_created": "2015-06-07T15:44:06.350Z",
        "graph": 1,
        "width": 0.0,
        "location_x": 415.5
    }
},
{
    "model": "docServer.node",
    "pk": 39,
    "fields": {
        "real_type": [
            "docServer",
            "objectnode"
        ],
        "height": 66.0,
        "location_y": 619.0,
        "date_modified": "2015-06-09T21:17:36.780Z",
        "created_by": [
            "admin"
        ],
        "assigned_to": 5,
        "date_created": "2015-06-07T15:44:06.357Z",
        "graph": 1,
        "width": 60.0,
        "location_x": 959.0
    }
},
{
    "model": "docServer.node",
    "pk": 40,
    "fields": {
        "real_type": [
            "docServer",
            "objectnode"
        ],
        "height": 0.0,
        "location_y": 618.183334350586,
        "date_modified": "2015-06-09T21:17:36.796Z",
        "created_by": [
            "admin"
        ],
        "assigned_to": 1,
        "date_created": "2015-06-07T15:45:38.476Z",
        "graph": 1,
        "width": 0.0,
        "location_x": 501.5
    }
},
{
    "model": "docServer.node",
    "pk": 41,
    "fields": {
        "real_type": [
            "docServer",
            "actionnode"
        ],
        "height": 64.0,
        "location_y": 742.41831511324,
        "date_modified": "2015-06-09T21:17:36.810Z",
        "created_by": [
            "admin"
        ],
        "assigned_to": 1,
        "date_created": "2015-06-07T15:49:11.398Z",
        "graph": 1,
        "width": 297.0,
        "location_x": 462.5
    }
},
{
    "model": "docServer.node",
    "pk": 43,
    "fields": {
        "real_type": [
            "docServer",
            "objectnode"
        ],
        "height": 112.0,
        "location_y": 1230.05832794434,
        "date_modified": "2015-06-09T21:17:36.897Z",
        "created_by": [
            "admin"
        ],
        "assigned_to": 1,
        "date_created": "2015-06-07T15:58:48.635Z",
        "graph": 1,
        "width": 109.0,
        "location_x": 415.817903883789
    }
},
{
    "model": "docServer.node",
    "pk": 47,
    "fields": {
        "real_type": [
            "docServer",
            "controlnode"
        ],
        "height": 0.0,
        "location_y": 88.1608079460185,
        "date_modified": "2015-06-24T15:34:03.640Z",
        "created_by": [
            "admin"
        ],
        "assigned_to": 9,
        "date_created": "2015-06-13T20:47:05.333Z",
        "graph": 3,
        "width": 0.0,
        "location_x": 944.57745011368
    }
},
{
    "model": "docServer.node",
    "pk": 48,
    "fields": {
        "real_type": [
            "docServer",
            "actionnode"
        ],
        "height": 55.0,
        "location_y": 156.340999227267,
        "date_modified": "2015-06-24T15:34:03.653Z",
        "created_by": [
            "admin"
        ],
        "assigned_to": 9,
        "date_created": "2015-06-13T20:47:05.341Z",
        "graph": 3,
        "width": 101.0,
        "location_x": 944.57745011368
    }
},
{
    "model": "docServer.node",
    "pk": 49,
    "fields": {
        "real_type": [
            "docServer",
            "objectnode"
        ],
        "height": 0.0,
        "location_y": 243.181094867893,
        "date_modified": "2015-06-24T15:34:03.667Z",
        "created_by": [
            "admin"
        ],
        "assigned_to": 9,
        "date_created": "2015-06-13T20:47:05.349Z",
        "graph": 3,
        "width": 0.0,
        "location_x": 944.57745011368
    }
},
{
    "model": "docServer.node",
    "pk": 50,
    "fields": {
        "real_type": [
            "docServer",
            "actionnode"
        ],
        "height": 56.0,
        "location_y": 330.549734181891,
        "date_modified": "2015-06-24T15:34:03.524Z",
        "created_by": [
            "admin"
        ],
        "assigned_to": 9,
        "date_created": "2015-06-13T20:48:29.532Z",
        "graph": 3,
        "width": 160.0,
        "location_x": 944.38218079662
    }
},
{
    "model": "docServer.node",
    "pk": 51,
    "fields": {
        "real_type": [
            "docServer",
            "objectnode"
        ],
        "height": 89.0,
        "location_y": 429.978150556889,
        "date_modified": "2015-06-24T15:34:03.539Z",
        "created_by": [
            "admin"
        ],
        "assigned_to": 9,
        "date_created": "2015-06-13T20:50:16.978Z",
        "graph": 3,
        "width": 91.0,
        "location_x": 944.70967419747
    }
},
{
    "model": "docServer.node",
    "pk": 52,
    "fields": {
        "real_type": [
            "docServer",
            "actionnode"
        ],
        "height": 52.0,
        "location_y": 538.024333577854,
        "date_modified": "2015-06-24T15:34:03.723Z",
        "created_by": [
            "admin"
        ],
        "assigned_to": 9,
        "date_created": "2015-06-14T21:01:12.941Z",
        "graph": 3,
        "width": 187.0,
        "location_x": 944.68742269688
    }
},
{
    "model": "docServer.node",
    "pk": 53,
    "fields": {
        "real_type": [
            "docServer",
            "objectnode"
        ],
        "height": 144.0,
        "location_y": 710.996975798628,
        "date_modified": "2015-06-24T15:34:03.794Z",
        "created_by": [
            "admin"
        ],
        "assigned_to": 7,
        "date_created": "2015-06-14T21:01:12.949Z",
        "graph": 3,
        "width": 92.0,
        "location_x": 246.717818850046
    }
},
{
    "model": "docServer.node",
    "pk": 57,
    "fields": {
        "real_type": [
            "docServer",
            "objectnode"
        ],
        "height": 162.0,
        "location_y": 695.344332252897,
        "date_modified": "2015-06-24T15:34:03.810Z",
        "created_by": [
            "admin"
        ],
        "assigned_to": 9,
        "date_created": "2015-06-14T21:01:12.978Z",
        "graph": 3,
        "width": 142.0,
        "location_x": 945.108941733825
    }
},
{
    "model": "docServer.node",
    "pk": 60,
    "fields": {
        "real_type": [
            "docServer",
            "objectnode"
        ],
        "height": 155.0,
        "location_y": 690.290813668568,
        "date_modified": "2015-06-24T15:34:03.495Z",
        "created_by": [
            "admin"
        ],
        "assigned_to": 8,
        "date_created": "2015-06-14T21:01:13.000Z",
        "graph": 3,
        "width": 128.0,
        "location_x": 600.075654101112
    }
},
{
    "model": "docServer.node",
    "pk": 62,
    "fields": {
        "real_type": [
            "docServer",
            "objectnode"
        ],
        "height": 149.0,
        "location_y": 699.095004235553,
        "date_modified": "2015-06-24T15:34:03.597Z",
        "created_by": [
            "admin"
        ],
        "assigned_to": 10,
        "date_created": "2015-06-14T21:01:13.015Z",
        "graph": 3,
        "width": 135.0,
        "location_x": 1462.06872793482
    }
},
{
    "model": "docServer.node",
    "pk": 69,
    "fields": {
        "real_type": [
            "docServer",
            "objectnode"
        ],
        "height": 121.0,
        "location_y": 1513.43336695548,
        "date_modified": "2015-06-24T15:34:03.568Z",
        "created_by": [
            "admin"
        ],
        "assigned_to": 7,
        "date_created": "2015-06-19T16:49:38.490Z",
        "graph": 3,
        "width": 112.0,
        "location_x": 265.608527275749
    }
},
{
    "model": "docServer.node",
    "pk": 70,
    "fields": {
        "real_type": [
            "docServer",
            "actionnode"
        ],
        "height": 78.0,
        "location_y": 917.2368258171,
        "date_modified": "2015-06-24T15:34:03.681Z",
        "created_by": [
            "admin"
        ],
        "assigned_to": 8,
        "date_created": "2015-06-19T17:26:39.243Z",
        "graph": 3,
        "width": 215.0,
        "location_x": 601.666170275163
    }
},
{
    "model": "docServer.node",
    "pk": 71,
    "fields": {
        "real_type": [
            "docServer",
            "objectnode"
        ],
        "height": 144.0,
        "location_y": 1091.08875720296,
        "date_modified": "2015-06-24T15:34:03.839Z",
        "created_by": [
            "admin"
        ],
        "assigned_to": 8,
        "date_created": "2015-06-19T17:26:39.251Z",
        "graph": 3,
        "width": 128.0,
        "location_x": 601.828877209363
    }
},
{
    "model": "docServer.node",
    "pk": 72,
    "fields": {
        "real_type": [
            "docServer",
            "actionnode"
        ],
        "height": 81.0,
        "location_y": 1318.41805317875,
        "date_modified": "2015-06-24T15:34:03.696Z",
        "created_by": [
            "admin"
        ],
        "assigned_to": 7,
        "date_created": "2015-06-19T17:26:39.259Z",
        "graph": 3,
        "width": 194.0,
        "location_x": 266.377402960376
    }
},
{
    "model": "docServer.node",
    "pk": 73,
    "fields": {
        "real_type": [
            "docServer",
            "actionnode"
        ],
        "height": 124.0,
        "location_y": 1322.58307844583,
        "date_modified": "2015-06-24T15:34:03.710Z",
        "created_by": [
            "admin"
        ],
        "assigned_to": 9,
        "date_created": "2015-06-19T17:29:13.824Z",
        "graph": 3,
        "width": 271.0,
        "location_x": 947.241173845536
    }
},
{
    "model": "docServer.node",
    "pk": 74,
    "fields": {
        "real_type": [
            "docServer",
            "objectnode"
        ],
        "height": 140.0,
        "location_y": 1530.31864794193,
        "date_modified": "2015-06-24T15:34:03.476Z",
        "created_by": [
            "admin"
        ],
        "assigned_to": 9,
        "date_created": "2015-06-19T17:29:13.832Z",
        "graph": 3,
        "width": 108.0,
        "location_x": 944.99649870701
    }
},
{
    "model": "docServer.node",
    "pk": 75,
    "fields": {
        "real_type": [
            "docServer",
            "actionnode"
        ],
        "height": 101.0,
        "location_y": 1706.84200295111,
        "date_modified": "2015-06-24T15:34:03.582Z",
        "created_by": [
            "admin"
        ],
        "assigned_to": 10,
        "date_created": "2015-06-19T17:30:41.308Z",
        "graph": 3,
        "width": 294.0,
        "location_x": 1372.5
    }
},
{
    "model": "docServer.node",
    "pk": 77,
    "fields": {
        "real_type": [
            "docServer",
            "objectnode"
        ],
        "height": 189.0,
        "location_y": 1935.66846300721,
        "date_modified": "2015-06-24T15:34:03.752Z",
        "created_by": [
            "admin"
        ],
        "assigned_to": 10,
        "date_created": "2015-06-19T17:49:06.150Z",
        "graph": 3,
        "width": 147.0,
        "location_x": 1372.74316420017
    }
},
{
    "model": "docServer.node",
    "pk": 78,
    "fields": {
        "real_type": [
            "docServer",
            "actionnode"
        ],
        "height": 64.0,
        "location_y": 1309.17702309516,
        "date_modified": "2015-06-24T15:34:03.738Z",
        "created_by": [
            "admin"
        ],
        "assigned_to": 8,
        "date_created": "2015-06-19T17:54:17.172Z",
        "graph": 3,
        "width": 232.0,
        "location_x": 602.11442997361
    }
},
{
    "model": "docServer.node",
    "pk": 79,
    "fields": {
        "real_type": [
            "docServer",
            "objectnode"
        ],
        "height": 125.0,
        "location_y": 1516.38773722856,
        "date_modified": "2015-06-24T15:34:03.780Z",
        "created_by": [
            "admin"
        ],
        "assigned_to": 8,
        "date_created": "2015-06-19T17:54:17.179Z",
        "graph": 3,
        "width": 98.0,
        "location_x": 602.581166586678
    }
},
{
    "model": "docServer.node",
    "pk": 80,
    "fields": {
        "real_type": [
            "docServer",
            "actionnode"
        ],
        "height": 91.0,
        "location_y": 2306.58372918636,
        "date_modified": "2015-06-24T15:34:03.510Z",
        "created_by": [
            "admin"
        ],
        "assigned_to": 7,
        "date_created": "2015-06-19T17:56:53.725Z",
        "graph": 3,
        "width": 186.0,
        "location_x": 264.655457644666
    }
},
{
    "model": "docServer.node",
    "pk": 81,
    "fields": {
        "real_type": [
            "docServer",
            "objectnode"
        ],
        "height": 149.0,
        "location_y": 2537.556445474,
        "date_modified": "2015-06-24T15:34:03.554Z",
        "created_by": [
            "admin"
        ],
        "assigned_to": 7,
        "date_created": "2015-06-19T17:56:53.733Z",
        "graph": 3,
        "width": 121.0,
        "location_x": 264.014786718021
    }
},
{
    "model": "docServer.node",
    "pk": 82,
    "fields": {
        "real_type": [
            "docServer",
            "controlnode"
        ],
        "height": 0.0,
        "location_y": 2740.92062729557,
        "date_modified": "2015-06-24T15:34:03.766Z",
        "created_by": [
            "admin"
        ],
        "assigned_to": 7,
        "date_created": "2015-06-19T18:20:37.903Z",
        "graph": 3,
        "width": 0.0,
        "location_x": 264.676165375808
    }
},
{
    "model": "docServer.node",
    "pk": 83,
    "fields": {
        "real_type": [
            "docServer",
            "objectnode"
        ],
        "height": 0.0,
        "location_y": 157.171875,
        "date_modified": "2015-06-19T18:25:15.997Z",
        "created_by": [
            "admin"
        ],
        "assigned_to": 3,
        "date_created": "2015-06-19T18:24:51.094Z",
        "graph": 2,
        "width": 0.0,
        "location_x": 109.5625
    }
},
{
    "model": "docServer.node",
    "pk": 86,
    "fields": {
        "real_type": [
            "docServer",
            "actionnode"
        ],
        "height": 69.0,
        "location_y": 1965.17832604355,
        "date_modified": "2015-06-24T15:34:03.611Z",
        "created_by": [
            "admin"
        ],
        "assigned_to": 9,
        "date_created": "2015-06-19T18:34:19.502Z",
        "graph": 3,
        "width": 241.0,
        "location_x": 956.44303763989
    }
},
{
    "model": "docServer.node",
    "pk": 87,
    "fields": {
        "real_type": [
            "docServer",
            "objectnode"
        ],
        "height": 137.0,
        "location_y": 2167.81671882748,
        "date_modified": "2015-06-24T15:34:03.625Z",
        "created_by": [
            "admin"
        ],
        "assigned_to": 9,
        "date_created": "2015-06-19T18:34:19.510Z",
        "graph": 3,
        "width": 110.0,
        "location_x": 955.680981816435
    }
},
{
    "model": "docServer.node",
    "pk": 88,
    "fields": {
        "real_type": [
            "docServer",
            "commentnode"
        ],
        "height": 66.0,
        "location_y": 1526.53927897155,
        "date_modified": "2015-06-24T15:34:03.825Z",
        "created_by": [
            "admin"
        ],
        "assigned_to": 7,
        "date_created": "2015-06-19T18:50:57.773Z",
        "graph": 3,
        "width": 191.0,
        "location_x": 108.5
    }
},
{
    "model": "docServer.objectnode",
    "pk": 25,
    "fields": {
        "name": "Use Case:\nRead Movie Information\nand Comments",
        "realized_by": [
            "admin"
        ],
        "resource": null,
        "description": "",
        "is_exported": false,
        "date_realized": "2015-05-19T22:00:00Z",
        "tense": 1
    }
},
{
    "model": "docServer.objectnode",
    "pk": 26,
    "fields": {
        "name": "Use Case:\nAdd Comment",
        "realized_by": [
            "admin"
        ],
        "resource": null,
        "description": "",
        "is_exported": false,
        "date_realized": "2015-05-19T22:00:00Z",
        "tense": 1
    }
},
{
    "model": "docServer.objectnode",
    "pk": 27,
    "fields": {
        "name": "Use Case:\nHandle Offensive\nComment",
        "realized_by": [
            "admin"
        ],
        "resource": null,
        "description": "",
        "is_exported": false,
        "date_realized": "2015-05-19T22:00:00Z",
        "tense": 1
    }
},
{
    "model": "docServer.objectnode",
    "pk": 30,
    "fields": {
        "name": "Use Case Diagram",
        "realized_by": [
            "admin"
        ],
        "resource": 12,
        "description": "",
        "is_exported": false,
        "date_realized": "2015-05-19T22:00:00Z",
        "tense": 1
    }
},
{
    "model": "docServer.objectnode",
    "pk": 31,
    "fields": {
        "name": "Use Case Realization:\nRead Movie Information \nand Comments",
        "realized_by": null,
        "resource": null,
        "description": "",
        "is_exported": false,
        "date_realized": null,
        "tense": 0
    }
},
{
    "model": "docServer.objectnode",
    "pk": 32,
    "fields": {
        "name": "Use Case Realization:\nAdd Comment",
        "realized_by": null,
        "resource": null,
        "description": "",
        "is_exported": false,
        "date_realized": null,
        "tense": 0
    }
},
{
    "model": "docServer.objectnode",
    "pk": 33,
    "fields": {
        "name": "Use Case Realization:\nHandle Offensive\nComment",
        "realized_by": null,
        "resource": null,
        "description": "",
        "is_exported": false,
        "date_realized": null,
        "tense": 0
    }
},
{
    "model": "docServer.objectnode",
    "pk": 35,
    "fields": {
        "name": "Analysis Object Model",
        "realized_by": null,
        "resource": null,
        "description": "",
        "is_exported": false,
        "date_realized": null,
        "tense": 0
    }
},
{
    "model": "docServer.objectnode",
    "pk": 37,
    "fields": {
        "name": "Movie",
        "realized_by": [
            "admin"
        ],
        "resource": 3,
        "description": "",
        "is_exported": false,
        "date_realized": "2015-05-25T22:00:00Z",
        "tense": 1
    }
},
{
    "model": "docServer.objectnode",
    "pk": 38,
    "fields": {
        "name": "User",
        "realized_by": [
            "admin"
        ],
        "resource": 4,
        "description": "",
        "is_exported": false,
        "date_realized": "2015-05-25T22:00:00Z",
        "tense": 1
    }
},
{
    "model": "docServer.objectnode",
    "pk": 39,
    "fields": {
        "name": "Comment",
        "realized_by": [
            "admin"
        ],
        "resource": 6,
        "description": "",
        "is_exported": false,
        "date_realized": "2015-05-25T22:00:00Z",
        "tense": 1
    }
},
{
    "model": "docServer.objectnode",
    "pk": 40,
    "fields": {
        "name": "Admin",
        "realized_by": [
            "admin"
        ],
        "resource": 5,
        "description": "",
        "is_exported": false,
        "date_realized": "2015-05-25T22:00:00Z",
        "tense": 1
    }
},
{
    "model": "docServer.objectnode",
    "pk": 43,
    "fields": {
        "name": "Domain Model",
        "realized_by": null,
        "resource": null,
        "description": "",
        "is_exported": false,
        "date_realized": null,
        "tense": 0
    }
},
{
    "model": "docServer.objectnode",
    "pk": 49,
    "fields": {
        "name": "Vision",
        "realized_by": null,
        "resource": null,
        "description": "For small to medium sized libraries that struggle with innovating their service offering the Library Management System (LMS) is a new, state of the art information system that handles all major library business processes from corpus management and reader handling to lending traffic automation. LMS allows to integrate traditional customer service with self-service kiosks and on-line access by readers. This helps reducing repetitive tasks of librarians dramatically, and allows to improve existing services in terms of convenience, speed, and reliability, and also adds new services for readers that help address new target groups currently not well reached by classical libraries. We expect a market penetration of 2% of all computer-supported public libraries in Europe within 5 years. In comparison with manual library management currently in place at many libraries, our product will reduce administrative costs, free staff capacity for strategic initiatives, and attract more users.",
        "is_exported": false,
        "date_realized": null,
        "tense": 0
    }
},
{
    "model": "docServer.objectnode",
    "pk": 51,
    "fields": {
        "name": "Stakeholders",
        "realized_by": null,
        "resource": null,
        "description": "Taarb\u00e6k Commune, external\nExecutives / Owner, internal\nProject Manager, internal\nChief Librarians, external\nReaders, external\nDevelopers, internal\nLibrarians, external\nFuture LMS Buyers, external\nMaintenance & Operations, external\nLocal Media Retailers, external\nGeneral Public, external\nCooperating Libraries, external",
        "is_exported": false,
        "date_realized": null,
        "tense": 0
    }
},
{
    "model": "docServer.objectnode",
    "pk": 53,
    "fields": {
        "name": "Taarb\u00e6k Commune\n\nExecutives / Owners of Supplier\n\nProject Manager",
        "realized_by": null,
        "resource": 13,
        "description": "",
        "is_exported": false,
        "date_realized": null,
        "tense": 0
    }
},
{
    "model": "docServer.objectnode",
    "pk": 57,
    "fields": {
        "name": "Librarians\n\nFuture LMS Buyers\n\nMaintenance & Operations",
        "realized_by": null,
        "resource": 15,
        "description": "",
        "is_exported": false,
        "date_realized": null,
        "tense": 0
    }
},
{
    "model": "docServer.objectnode",
    "pk": 60,
    "fields": {
        "name": "Chief Librarians\n\nReaders\n\nDevelopers",
        "realized_by": null,
        "resource": 14,
        "description": "",
        "is_exported": false,
        "date_realized": null,
        "tense": 0
    }
},
{
    "model": "docServer.objectnode",
    "pk": 62,
    "fields": {
        "name": "Local Media Retailers\n\nGeneral Public\n\nCooperating Libraries",
        "realized_by": null,
        "resource": 16,
        "description": "",
        "is_exported": false,
        "date_realized": null,
        "tense": 0
    }
},
{
    "model": "docServer.objectnode",
    "pk": 69,
    "fields": {
        "name": "System Context Diagram",
        "realized_by": null,
        "resource": null,
        "description": "",
        "is_exported": false,
        "date_realized": null,
        "tense": 0
    }
},
{
    "model": "docServer.objectnode",
    "pk": 71,
    "fields": {
        "name": "First Deliverable",
        "realized_by": null,
        "resource": null,
        "description": "Stakeholders, Vision",
        "is_exported": false,
        "date_realized": null,
        "tense": 0
    }
},
{
    "model": "docServer.objectnode",
    "pk": 74,
    "fields": {
        "name": "Physical System Structure Diagram",
        "realized_by": null,
        "resource": null,
        "description": "",
        "is_exported": false,
        "date_realized": null,
        "tense": 0
    }
},
{
    "model": "docServer.objectnode",
    "pk": 77,
    "fields": {
        "name": "Internal Physical Structure Diagram",
        "realized_by": null,
        "resource": null,
        "description": "",
        "is_exported": false,
        "date_realized": null,
        "tense": 0
    }
},
{
    "model": "docServer.objectnode",
    "pk": 79,
    "fields": {
        "name": "Personas",
        "realized_by": null,
        "resource": null,
        "description": "",
        "is_exported": false,
        "date_realized": null,
        "tense": 0
    }
},
{
    "model": "docServer.objectnode",
    "pk": 81,
    "fields": {
        "name": "Second Deliverable",
        "realized_by": null,
        "resource": null,
        "description": "System Context and Personas",
        "is_exported": false,
        "date_realized": null,
        "tense": 0
    }
},
{
    "model": "docServer.objectnode",
    "pk": 83,
    "fields": {
        "name": "System Goals",
        "realized_by": null,
        "resource": 22,
        "description": "",
        "is_exported": true,
        "date_realized": null,
        "tense": 0
    }
},
{
    "model": "docServer.objectnode",
    "pk": 87,
    "fields": {
        "name": "System Goals",
        "realized_by": null,
        "resource": null,
        "description": "",
        "is_exported": false,
        "date_realized": null,
        "tense": 0
    }
},
{
    "model": "docServer.commentnode",
    "pk": 88,
    "fields": {
        "name": "Shouldn't this be two systems?"
    }
},
{
    "model": "docServer.actionnode",
    "pk": 29,
    "fields": {
        "name": "First Deliverable:\nUse Case Diagram,\nhand in: 15/02 23:59",
        "realized_by": [
            "admin"
        ],
        "operation_type": "In",
        "description": "Each member should deliver a nice description  of the use case scenario he is assigned.\nThe scenarios should be then merged into one use case diagram",
        "date_realized": "2015-05-19T22:00:00Z",
        "tense": 1
    }
},
{
    "model": "docServer.actionnode",
    "pk": 34,
    "fields": {
        "name": "Second Deliverable:\nAnalysis Object\nand Domain Model,\nhand in: 15/03 23:59",
        "realized_by": null,
        "operation_type": "Ex",
        "description": "",
        "date_realized": null,
        "tense": 0
    }
},
{
    "model": "docServer.actionnode",
    "pk": 36,
    "fields": {
        "name": "Split domain models",
        "realized_by": [
            "admin"
        ],
        "operation_type": "In",
        "description": "",
        "date_realized": "2015-05-23T22:00:00Z",
        "tense": 1
    }
},
{
    "model": "docServer.actionnode",
    "pk": 41,
    "fields": {
        "name": "Merging Comment, Movie, User and Admin\ninto Domain Model",
        "realized_by": null,
        "operation_type": "In",
        "description": "",
        "date_realized": null,
        "tense": 1
    }
},
{
    "model": "docServer.actionnode",
    "pk": 48,
    "fields": {
        "name": "Define Vision",
        "realized_by": null,
        "operation_type": "In",
        "description": "",
        "date_realized": null,
        "tense": 0
    }
},
{
    "model": "docServer.actionnode",
    "pk": 50,
    "fields": {
        "name": "Enumerate Stakeholders",
        "realized_by": null,
        "operation_type": "In",
        "description": "",
        "date_realized": null,
        "tense": 0
    }
},
{
    "model": "docServer.actionnode",
    "pk": 52,
    "fields": {
        "name": "Analyse Stakeholders",
        "realized_by": null,
        "operation_type": "In",
        "description": "",
        "date_realized": null,
        "tense": 0
    }
},
{
    "model": "docServer.actionnode",
    "pk": 70,
    "fields": {
        "name": "Merge Stakeholders and Deliver",
        "realized_by": null,
        "operation_type": "Ex",
        "description": "",
        "date_realized": null,
        "tense": 0
    }
},
{
    "model": "docServer.actionnode",
    "pk": 72,
    "fields": {
        "name": "Draw System Context Diagram",
        "realized_by": null,
        "operation_type": "In",
        "description": "",
        "date_realized": null,
        "tense": 0
    }
},
{
    "model": "docServer.actionnode",
    "pk": 73,
    "fields": {
        "name": "Draw Physical System Structure Diagram",
        "realized_by": null,
        "operation_type": "In",
        "description": "",
        "date_realized": null,
        "tense": 0
    }
},
{
    "model": "docServer.actionnode",
    "pk": 75,
    "fields": {
        "name": "Draw Internal Physical System Structure Diagram",
        "realized_by": null,
        "operation_type": "In",
        "description": "",
        "date_realized": null,
        "tense": 0
    }
},
{
    "model": "docServer.actionnode",
    "pk": 78,
    "fields": {
        "name": "Create and Document Personas",
        "realized_by": null,
        "operation_type": "In",
        "description": "",
        "date_realized": null,
        "tense": 0
    }
},
{
    "model": "docServer.actionnode",
    "pk": 80,
    "fields": {
        "name": "Merge and Deliver",
        "realized_by": null,
        "operation_type": "Ex",
        "description": "",
        "date_realized": null,
        "tense": 0
    }
},
{
    "model": "docServer.actionnode",
    "pk": 86,
    "fields": {
        "name": "Import System Goals",
        "realized_by": null,
        "operation_type": "Im",
        "description": "",
        "date_realized": null,
        "tense": 0
    }
},
{
    "model": "docServer.controlnode",
    "pk": 47,
    "fields": {
        "type": "S"
    }
},
{
    "model": "docServer.controlnode",
    "pk": 82,
    "fields": {
        "type": "E"
    }
},
{
    "model": "docServer.edge",
    "pk": 16,
    "fields": {
        "tgt": 29,
        "type": 0,
        "points": "[153, 51, 163, 51, 281.46666717529297, 51, 281.46666717529297, 197.591667175293, 399.933334350586, 197.591667175293, 409.933334350586, 197.591667175293]",
        "date_modified": "2015-06-09T21:17:37.132Z",
        "created_by": [
            "admin"
        ],
        "graph": 1,
        "date_created": "2015-06-07T14:57:25.633Z",
        "src": 25,
        "toPort": "T",
        "fromPort": "B"
    }
},
{
    "model": "docServer.edge",
    "pk": 17,
    "fields": {
        "tgt": 29,
        "type": 0,
        "points": "[484.93333435058605, 96, 484.93333435058605, 106, 484.93333435058605, 131.54583358764648, 484.93333435058605, 131.54583358764648, 484.93333435058605, 157.091667175293, 484.93333435058605, 167.091667175293]",
        "date_modified": "2015-06-09T21:17:37.010Z",
        "created_by": [
            "admin"
        ],
        "graph": 1,
        "date_created": "2015-06-07T14:57:25.641Z",
        "src": 26,
        "toPort": "T",
        "fromPort": "B"
    }
},
{
    "model": "docServer.edge",
    "pk": 18,
    "fields": {
        "tgt": 29,
        "type": 0,
        "points": "[920.5, 118, 920.5, 128, 920.5, 142.54583358764648, 484.933334350586, 142.54583358764648, 484.933334350586, 157.091667175293, 484.933334350586, 167.091667175293]",
        "date_modified": "2015-06-09T21:17:37.047Z",
        "created_by": [
            "admin"
        ],
        "graph": 1,
        "date_created": "2015-06-07T14:57:25.650Z",
        "src": 27,
        "toPort": "T",
        "fromPort": "B"
    }
},
{
    "model": "docServer.edge",
    "pk": 19,
    "fields": {
        "tgt": 30,
        "type": 0,
        "points": "[484.93333435058605, 228.091667175293, 484.93333435058605, 238.091667175293, 484.93333435058605, 249.6375007629395, 484.93333435058605, 249.6375007629395, 484.93333435058605, 261.183334350586, 484.93333435058605, 271.183334350586]",
        "date_modified": "2015-06-09T21:17:37.000Z",
        "created_by": [
            "admin"
        ],
        "graph": 1,
        "date_created": "2015-06-07T15:04:28.823Z",
        "src": 29,
        "toPort": "T",
        "fromPort": "B"
    }
},
{
    "model": "docServer.edge",
    "pk": 20,
    "fields": {
        "tgt": 34,
        "type": 0,
        "points": "[109.066665649414, 1022.18333435059, 109.066665649414, 1032.18333435059, 109.066665649414, 1056.05833435059, 109.066665649414, 1056.05833435059, 109.066665649414, 1079.93333435059, 109.066665649414, 1089.93333435059]",
        "date_modified": "2015-06-09T21:17:37.057Z",
        "created_by": [
            "admin"
        ],
        "graph": 1,
        "date_created": "2015-06-07T15:35:38.601Z",
        "src": 33,
        "toPort": "T",
        "fromPort": "B"
    }
},
{
    "model": "docServer.edge",
    "pk": 21,
    "fields": {
        "tgt": 34,
        "type": 0,
        "points": "[462.93333435058605, 983.18333435059, 452.93333435058605, 983.18333435059, 326.25, 983.18333435059, 326.25, 1126.43333435059, 199.566665649414, 1126.43333435059, 189.566665649414, 1126.43333435059]",
        "date_modified": "2015-06-09T21:17:37.111Z",
        "created_by": [
            "admin"
        ],
        "graph": 1,
        "date_created": "2015-06-07T15:35:38.609Z",
        "src": 31,
        "toPort": "T",
        "fromPort": "B"
    }
},
{
    "model": "docServer.edge",
    "pk": 22,
    "fields": {
        "tgt": 34,
        "type": 0,
        "points": "[851.5, 504.500000000004, 851.5, 514.500000000004, 851.5, 516, 851.5, 516, 851.5, 1036, 109.066665649414, 1036, 109.066665649414, 1079.93333435059, 109.066665649414, 1089.93333435059]",
        "date_modified": "2015-06-09T21:17:37.122Z",
        "created_by": [
            "admin"
        ],
        "graph": 1,
        "date_created": "2015-06-07T15:35:38.618Z",
        "src": 32,
        "toPort": "T",
        "fromPort": "B"
    }
},
{
    "model": "docServer.edge",
    "pk": 23,
    "fields": {
        "tgt": 35,
        "type": 0,
        "points": "[109.066665649414, 1162.93333435059, 109.066665649414, 1172.93333435059, 109.066665649414, 1180.55833435059, 113.566665649414, 1180.55833435059, 113.566665649414, 1188.18333435059, 113.566665649414, 1198.18333435059]",
        "date_modified": "2015-06-09T21:17:37.101Z",
        "created_by": [
            "admin"
        ],
        "graph": 1,
        "date_created": "2015-06-07T15:35:38.626Z",
        "src": 34,
        "toPort": "T",
        "fromPort": "B"
    }
},
{
    "model": "docServer.edge",
    "pk": 24,
    "fields": {
        "tgt": 37,
        "type": 0,
        "points": "[394, 457.183334350586, 384, 457.183334350586, 272.28333282470703, 457.183334350586, 272.28333282470703, 553.183334350586, 160.566665649414, 553.183334350586, 150.566665649414, 553.183334350586]",
        "date_modified": "2015-06-09T21:17:37.077Z",
        "created_by": [
            "admin"
        ],
        "graph": 1,
        "date_created": "2015-06-07T15:45:38.558Z",
        "src": 36,
        "toPort": "T",
        "fromPort": "B"
    }
},
{
    "model": "docServer.edge",
    "pk": 25,
    "fields": {
        "tgt": 38,
        "type": 0,
        "points": "[462.5, 478.18333435058605, 462.5, 488.18333435058605, 462.5, 533.183334350586, 415.50000000000006, 533.183334350586, 415.50000000000006, 578.183334350586, 415.50000000000006, 588.183334350586]",
        "date_modified": "2015-06-09T21:17:37.144Z",
        "created_by": [
            "admin"
        ],
        "graph": 1,
        "date_created": "2015-06-07T15:45:38.567Z",
        "src": 36,
        "toPort": "T",
        "fromPort": "B"
    }
},
{
    "model": "docServer.edge",
    "pk": 26,
    "fields": {
        "tgt": 39,
        "type": 0,
        "points": "[462.5, 478.183334350586, 462.5, 488.183334350586, 462.5, 531.591667175293, 959, 531.591667175293, 959, 575, 959, 585]",
        "date_modified": "2015-06-09T21:17:37.024Z",
        "created_by": [
            "admin"
        ],
        "graph": 1,
        "date_created": "2015-06-07T15:45:38.575Z",
        "src": 36,
        "toPort": "T",
        "fromPort": "B"
    }
},
{
    "model": "docServer.edge",
    "pk": 27,
    "fields": {
        "tgt": 40,
        "type": 0,
        "points": "[462.5, 478.18333435058605, 462.5, 488.18333435058605, 462.5, 533.183334350586, 501.5, 533.183334350586, 501.5, 578.183334350586, 501.5, 588.183334350586]",
        "date_modified": "2015-06-09T21:17:37.037Z",
        "created_by": [
            "admin"
        ],
        "graph": 1,
        "date_created": "2015-06-07T15:45:38.584Z",
        "src": 36,
        "toPort": "T",
        "fromPort": "B"
    }
},
{
    "model": "docServer.edge",
    "pk": 28,
    "fields": {
        "tgt": 41,
        "type": 0,
        "points": "[959, 653, 959, 663, 959, 681.2091575566201, 462.5, 681.2091575566201, 462.5, 699.41831511324, 462.5, 709.41831511324]",
        "date_modified": "2015-06-09T21:17:37.067Z",
        "created_by": [
            "admin"
        ],
        "graph": 1,
        "date_created": "2015-06-07T15:49:11.546Z",
        "src": 39,
        "toPort": "T",
        "fromPort": "B"
    }
},
{
    "model": "docServer.edge",
    "pk": 29,
    "fields": {
        "tgt": 41,
        "type": 0,
        "points": "[150.566665649414, 553.183334350586, 160.566665649414, 553.183334350586, 231.783332824707, 553.183334350586, 231.783332824707, 742.41831511324, 303, 742.41831511324, 313, 742.41831511324]",
        "date_modified": "2015-06-09T21:17:37.091Z",
        "created_by": [
            "admin"
        ],
        "graph": 1,
        "date_created": "2015-06-07T15:49:11.555Z",
        "src": 37,
        "toPort": "T",
        "fromPort": "B"
    }
},
{
    "model": "docServer.edge",
    "pk": 30,
    "fields": {
        "tgt": 41,
        "type": 0,
        "points": "[415.5, 648.183334350586, 415.5, 658.183334350586, 415.5, 678.800824731913, 462.5, 678.800824731913, 462.5, 699.41831511324, 462.5, 709.41831511324]",
        "date_modified": "2015-06-09T21:17:37.158Z",
        "created_by": [
            "admin"
        ],
        "graph": 1,
        "date_created": "2015-06-07T15:49:11.563Z",
        "src": 38,
        "toPort": "T",
        "fromPort": "B"
    }
},
{
    "model": "docServer.edge",
    "pk": 31,
    "fields": {
        "tgt": 41,
        "type": 0,
        "points": "[501.5, 648.183334350586, 501.5, 658.183334350586, 501.5, 678.800824731913, 462.5, 678.800824731913, 462.5, 699.41831511324, 462.5, 709.41831511324]",
        "date_modified": "2015-06-09T21:17:37.171Z",
        "created_by": [
            "admin"
        ],
        "graph": 1,
        "date_created": "2015-06-07T15:49:11.572Z",
        "src": 40,
        "toPort": "T",
        "fromPort": "B"
    }
},
{
    "model": "docServer.edge",
    "pk": 33,
    "fields": {
        "tgt": 43,
        "type": 0,
        "points": "[189.566665649414, 1126.43333435059, 199.566665649414, 1126.43333435059, 274.94228476660146, 1126.43333435059, 274.94228476660146, 1230.05832794434, 350.317903883789, 1230.05832794434, 360.317903883789, 1230.05832794434]",
        "date_modified": "2015-06-09T21:17:37.185Z",
        "created_by": [
            "admin"
        ],
        "graph": 1,
        "date_created": "2015-06-07T15:58:48.821Z",
        "src": 34,
        "toPort": "T",
        "fromPort": "B"
    }
},
{
    "model": "docServer.edge",
    "pk": 34,
    "fields": {
        "tgt": 43,
        "type": 0,
        "points": "[462.5, 775.41831511324, 462.5, 785.41831511324, 462.5, 788, 415.817903883789, 788, 415.817903883789, 1163.05832794434, 415.817903883789, 1173.05832794434]",
        "date_modified": "2015-06-09T21:17:37.198Z",
        "created_by": [
            "admin"
        ],
        "graph": 1,
        "date_created": "2015-06-07T15:58:48.830Z",
        "src": 41,
        "toPort": "T",
        "fromPort": "B"
    }
},
{
    "model": "docServer.edge",
    "pk": 35,
    "fields": {
        "tgt": 43,
        "type": 1,
        "points": "[181.566665649414, 1242.555556208041, 360.317903883789, 1233.0192351048026]",
        "date_modified": "2015-06-09T21:17:37.212Z",
        "created_by": [
            "admin"
        ],
        "graph": 1,
        "date_created": "2015-06-07T15:58:48.838Z",
        "src": 35,
        "toPort": "T",
        "fromPort": "B"
    }
},
{
    "model": "docServer.edge",
    "pk": 36,
    "fields": {
        "tgt": 48,
        "type": 0,
        "points": "[944.57745011368, 103.66080794601739, 944.57745011368, 113.66080794601739, 944.57745011368, 115.75090358664163, 944.57745011368, 115.75090358664163, 944.57745011368, 117.84099922726587, 944.57745011368, 127.84099922726587]",
        "date_modified": "2015-06-24T15:34:04.014Z",
        "created_by": [
            "admin"
        ],
        "graph": 3,
        "date_created": "2015-06-13T20:47:05.360Z",
        "src": 47,
        "toPort": "T",
        "fromPort": "B"
    }
},
{
    "model": "docServer.edge",
    "pk": 37,
    "fields": {
        "tgt": 49,
        "type": 0,
        "points": "[944.57745011368, 184.8409992272655, 944.57745011368, 194.8409992272655, 944.57745011368, 199.01104704757853, 944.57745011368, 199.01104704757853, 944.57745011368, 203.18109486789152, 944.57745011368, 213.18109486789152]",
        "date_modified": "2015-06-24T15:34:03.978Z",
        "created_by": [
            "admin"
        ],
        "graph": 3,
        "date_created": "2015-06-13T20:47:05.369Z",
        "src": 48,
        "toPort": "T",
        "fromPort": "B"
    }
},
{
    "model": "docServer.edge",
    "pk": 38,
    "fields": {
        "tgt": 50,
        "type": 0,
        "points": "[944.57745011368, 273.18109486789155, 944.57745011368, 283.18109486789155, 944.57745011368, 287.3654145248905, 944.38218079662, 287.3654145248905, 944.38218079662, 291.5497341818895, 944.38218079662, 301.5497341818895]",
        "date_modified": "2015-06-24T15:34:04.065Z",
        "created_by": [
            "admin"
        ],
        "graph": 3,
        "date_created": "2015-06-13T20:48:29.558Z",
        "src": 49,
        "toPort": "T",
        "fromPort": "B"
    }
},
{
    "model": "docServer.edge",
    "pk": 39,
    "fields": {
        "tgt": 51,
        "type": 0,
        "points": "[944.3821807966199, 359.5497341818895, 944.3821807966199, 369.5497341818895, 944.3821807966199, 372.01394236938853, 944.7096741974699, 372.01394236938853, 944.7096741974699, 374.4781505568875, 944.7096741974699, 384.4781505568875]",
        "date_modified": "2015-06-24T15:34:03.955Z",
        "created_by": [
            "admin"
        ],
        "graph": 3,
        "date_created": "2015-06-13T20:50:17.013Z",
        "src": 50,
        "toPort": "T",
        "fromPort": "B"
    }
},
{
    "model": "docServer.edge",
    "pk": 40,
    "fields": {
        "tgt": 52,
        "type": 0,
        "points": "[944.7096741974699, 475.4781505568875, 944.7096741974699, 485.4781505568875, 944.7096741974699, 493.25124206737, 944.6874226968799, 493.25124206737, 944.6874226968799, 501.0243335778525, 944.6874226968799, 511.0243335778525]",
        "date_modified": "2015-06-24T15:34:04.053Z",
        "created_by": [
            "admin"
        ],
        "graph": 3,
        "date_created": "2015-06-14T21:01:13.075Z",
        "src": 51,
        "toPort": "T",
        "fromPort": "B"
    }
},
{
    "model": "docServer.edge",
    "pk": 41,
    "fields": {
        "tgt": 57,
        "type": 0,
        "points": "[944.68742269688, 565.0243335778539, 944.68742269688, 575.0243335778539, 944.68742269688, 589.1843329153754, 945.108941733825, 589.1843329153754, 945.108941733825, 603.344332252897, 945.108941733825, 613.344332252897]",
        "date_modified": "2015-06-24T15:34:03.990Z",
        "created_by": [
            "admin"
        ],
        "graph": 3,
        "date_created": "2015-06-14T21:04:22.364Z",
        "src": 52,
        "toPort": "T",
        "fromPort": "B"
    }
},
{
    "model": "docServer.edge",
    "pk": 42,
    "fields": {
        "tgt": 60,
        "type": 0,
        "points": "[944.68742269688, 565.0243335778539, 944.68742269688, 575.0243335778539, 944.68742269688, 588.407573623211, 600.075654101112, 588.407573623211, 600.075654101112, 601.790813668568, 600.075654101112, 611.790813668568]",
        "date_modified": "2015-06-24T15:34:04.002Z",
        "created_by": [
            "admin"
        ],
        "graph": 3,
        "date_created": "2015-06-14T21:04:22.373Z",
        "src": 52,
        "toPort": "T",
        "fromPort": "B"
    }
},
{
    "model": "docServer.edge",
    "pk": 43,
    "fields": {
        "tgt": 62,
        "type": 0,
        "points": "[944.68742269688, 565.0243335778539, 944.68742269688, 575.0243335778539, 944.68742269688, 594.3096689067035, 1462.06872793482, 594.3096689067035, 1462.06872793482, 613.595004235553, 1462.06872793482, 623.595004235553]",
        "date_modified": "2015-06-24T15:34:03.967Z",
        "created_by": [
            "admin"
        ],
        "graph": 3,
        "date_created": "2015-06-14T21:04:22.382Z",
        "src": 52,
        "toPort": "T",
        "fromPort": "B"
    }
},
{
    "model": "docServer.edge",
    "pk": 44,
    "fields": {
        "tgt": 53,
        "type": 0,
        "points": "[944.68742269688, 565.0243335778539, 944.68742269688, 575.0243335778539, 944.68742269688, 601.5106546882408, 246.717818850046, 601.5106546882408, 246.717818850046, 627.9969757986278, 246.717818850046, 637.9969757986278]",
        "date_modified": "2015-06-24T15:34:03.943Z",
        "created_by": [
            "admin"
        ],
        "graph": 3,
        "date_created": "2015-06-14T21:04:22.390Z",
        "src": 52,
        "toPort": "T",
        "fromPort": "B"
    }
},
{
    "model": "docServer.edge",
    "pk": 49,
    "fields": {
        "tgt": 60,
        "type": 1,
        "points": "[293.7161063796084, 708.2429568853897, 535.0773665715496, 694.0996016605114]",
        "date_modified": "2015-06-24T15:34:04.174Z",
        "created_by": [
            "admin"
        ],
        "graph": 3,
        "date_created": "2015-06-19T16:50:03.275Z",
        "src": 53,
        "toPort": "",
        "fromPort": ""
    }
},
{
    "model": "docServer.edge",
    "pk": 50,
    "fields": {
        "tgt": 57,
        "type": 1,
        "points": "[665.0755468588713, 691.242832438364, 873.1090489760657, 694.2897882156609]",
        "date_modified": "2015-06-24T15:34:04.188Z",
        "created_by": [
            "admin"
        ],
        "graph": 3,
        "date_created": "2015-06-19T16:50:03.284Z",
        "src": 60,
        "toPort": "",
        "fromPort": ""
    }
},
{
    "model": "docServer.edge",
    "pk": 51,
    "fields": {
        "tgt": 62,
        "type": 1,
        "points": "[1017.1089154155447, 695.8667099914528, 1393.5687542531, 698.5980198685702]",
        "date_modified": "2015-06-24T15:34:04.159Z",
        "created_by": [
            "admin"
        ],
        "graph": 3,
        "date_created": "2015-06-19T16:50:03.292Z",
        "src": 57,
        "toPort": "",
        "fromPort": ""
    }
},
{
    "model": "docServer.edge",
    "pk": 52,
    "fields": {
        "tgt": 70,
        "type": 0,
        "points": "[246.717818850046, 783.9969757986278, 246.717818850046, 793.9969757986278, 246.717818850046, 830.6169008078639, 601.666170275163, 830.6169008078639, 601.666170275163, 867.2368258171, 601.666170275163, 877.2368258171]",
        "date_modified": "2015-06-24T15:34:04.029Z",
        "created_by": [
            "admin"
        ],
        "graph": 3,
        "date_created": "2015-06-19T17:26:39.392Z",
        "src": 53,
        "toPort": "T",
        "fromPort": "B"
    }
},
{
    "model": "docServer.edge",
    "pk": 53,
    "fields": {
        "tgt": 70,
        "type": 0,
        "points": "[600.0756541011121, 768.790813668568, 600.0756541011121, 778.790813668568, 600.0756541011121, 823.013819742834, 601.6661702751633, 823.013819742834, 601.6661702751633, 867.2368258171, 601.6661702751633, 877.2368258171]",
        "date_modified": "2015-06-24T15:34:04.143Z",
        "created_by": [
            "admin"
        ],
        "graph": 3,
        "date_created": "2015-06-19T17:26:39.401Z",
        "src": 60,
        "toPort": "T",
        "fromPort": "B"
    }
},
{
    "model": "docServer.edge",
    "pk": 54,
    "fields": {
        "tgt": 70,
        "type": 0,
        "points": "[945.108941733825, 777.344332252897, 945.108941733825, 787.344332252897, 945.108941733825, 827.2905790349985, 601.666170275163, 827.2905790349985, 601.666170275163, 867.2368258171, 601.666170275163, 877.2368258171]",
        "date_modified": "2015-06-24T15:34:04.077Z",
        "created_by": [
            "admin"
        ],
        "graph": 3,
        "date_created": "2015-06-19T17:26:39.410Z",
        "src": 57,
        "toPort": "T",
        "fromPort": "B"
    }
},
{
    "model": "docServer.edge",
    "pk": 55,
    "fields": {
        "tgt": 70,
        "type": 0,
        "points": "[1462.06872793482, 774.595004235553, 1462.06872793482, 784.595004235553, 1462.06872793482, 825.9159150263265, 601.666170275163, 825.9159150263265, 601.666170275163, 867.2368258171, 601.666170275163, 877.2368258171]",
        "date_modified": "2015-06-24T15:34:04.089Z",
        "created_by": [
            "admin"
        ],
        "graph": 3,
        "date_created": "2015-06-19T17:26:39.418Z",
        "src": 62,
        "toPort": "T",
        "fromPort": "B"
    }
},
{
    "model": "docServer.edge",
    "pk": 56,
    "fields": {
        "tgt": 71,
        "type": 0,
        "points": "[601.6661702751629, 957.2368258171, 601.6661702751629, 967.2368258171, 601.6661702751629, 987.66279151003, 601.828877209363, 987.66279151003, 601.828877209363, 1008.0887572029601, 601.828877209363, 1018.0887572029601]",
        "date_modified": "2015-06-24T15:34:04.101Z",
        "created_by": [
            "admin"
        ],
        "graph": 3,
        "date_created": "2015-06-19T17:26:39.427Z",
        "src": 70,
        "toPort": "T",
        "fromPort": "B"
    }
},
{
    "model": "docServer.edge",
    "pk": 57,
    "fields": {
        "tgt": 72,
        "type": 0,
        "points": "[601.828877209363, 1164.08875720296, 601.828877209363, 1174.08875720296, 601.828877209363, 1220.5034051908551, 266.377402960376, 1220.5034051908551, 266.377402960376, 1266.91805317875, 266.377402960376, 1276.91805317875]",
        "date_modified": "2015-06-24T15:34:04.116Z",
        "created_by": [
            "admin"
        ],
        "graph": 3,
        "date_created": "2015-06-19T17:26:39.436Z",
        "src": 71,
        "toPort": "T",
        "fromPort": "B"
    }
},
{
    "model": "docServer.edge",
    "pk": 58,
    "fields": {
        "tgt": 69,
        "type": 0,
        "points": "[266.37740296037606, 1359.918053178755, 266.37740296037606, 1369.918053178755, 266.37740296037606, 1405.925710067115, 265.60852727574905, 1405.925710067115, 265.60852727574905, 1441.933366955475, 265.60852727574905, 1451.933366955475]",
        "date_modified": "2015-06-24T15:34:04.128Z",
        "created_by": [
            "admin"
        ],
        "graph": 3,
        "date_created": "2015-06-19T17:26:49.581Z",
        "src": 72,
        "toPort": "T",
        "fromPort": "B"
    }
},
{
    "model": "docServer.edge",
    "pk": 59,
    "fields": {
        "tgt": 74,
        "type": 0,
        "points": "[947.2411738455362, 1385.583078445825, 947.2411738455362, 1395.583078445825, 947.2411738455362, 1422.4508631938766, 944.9964987070101, 1422.4508631938766, 944.9964987070101, 1449.3186479419278, 944.9964987070101, 1459.3186479419278]",
        "date_modified": "2015-06-24T15:34:04.199Z",
        "created_by": [
            "admin"
        ],
        "graph": 3,
        "date_created": "2015-06-19T17:29:14.052Z",
        "src": 73,
        "toPort": "T",
        "fromPort": "B"
    }
},
{
    "model": "docServer.edge",
    "pk": 60,
    "fields": {
        "tgt": 75,
        "type": 0,
        "points": "[944.99649870701, 1601.31864794193, 944.99649870701, 1611.31864794193, 944.99649870701, 1628.33032544652, 1372.5, 1628.33032544652, 1372.5, 1645.34200295111, 1372.5, 1655.34200295111]",
        "date_modified": "2015-06-24T15:34:04.228Z",
        "created_by": [
            "admin"
        ],
        "graph": 3,
        "date_created": "2015-06-19T17:30:41.539Z",
        "src": 74,
        "toPort": "T",
        "fromPort": "B"
    }
},
{
    "model": "docServer.edge",
    "pk": 61,
    "fields": {
        "tgt": 73,
        "type": 0,
        "points": "[601.828877209363, 1164.08875720296, 601.828877209363, 1174.08875720296, 601.828877209363, 1211.835917824395, 947.241173845536, 1211.835917824395, 947.241173845536, 1249.58307844583, 947.241173845536, 1259.58307844583]",
        "date_modified": "2015-06-24T15:34:04.254Z",
        "created_by": [
            "admin"
        ],
        "graph": 3,
        "date_created": "2015-06-19T17:32:36.277Z",
        "src": 71,
        "toPort": "T",
        "fromPort": "B"
    }
},
{
    "model": "docServer.edge",
    "pk": 62,
    "fields": {
        "tgt": 77,
        "type": 0,
        "points": "[1372.5000000000002, 1758.34200295111, 1372.5000000000002, 1768.34200295111, 1372.5000000000002, 1799.2552329791602, 1372.7431642001702, 1799.2552329791602, 1372.7431642001702, 1830.16846300721, 1372.7431642001702, 1840.16846300721]",
        "date_modified": "2015-06-24T15:34:04.242Z",
        "created_by": [
            "admin"
        ],
        "graph": 3,
        "date_created": "2015-06-19T17:49:06.411Z",
        "src": 75,
        "toPort": "T",
        "fromPort": "B"
    }
},
{
    "model": "docServer.edge",
    "pk": 63,
    "fields": {
        "tgt": 78,
        "type": 0,
        "points": "[601.8288772093629, 1164.08875720296, 601.8288772093629, 1174.08875720296, 601.8288772093629, 1220.1328901490608, 602.1144299736097, 1220.1328901490608, 602.1144299736097, 1266.1770230951615, 602.1144299736097, 1276.1770230951615]",
        "date_modified": "2015-06-24T15:34:04.293Z",
        "created_by": [
            "admin"
        ],
        "graph": 3,
        "date_created": "2015-06-19T17:54:17.460Z",
        "src": 71,
        "toPort": "T",
        "fromPort": "B"
    }
},
{
    "model": "docServer.edge",
    "pk": 64,
    "fields": {
        "tgt": 79,
        "type": 0,
        "points": "[602.11442997361, 1342.1770230951615, 602.11442997361, 1352.1770230951615, 602.11442997361, 1397.5323801618615, 602.5811665866777, 1397.5323801618615, 602.5811665866777, 1442.8877372285617, 602.5811665866777, 1452.8877372285617]",
        "date_modified": "2015-06-24T15:34:04.305Z",
        "created_by": [
            "admin"
        ],
        "graph": 3,
        "date_created": "2015-06-19T17:54:17.469Z",
        "src": 78,
        "toPort": "T",
        "fromPort": "B"
    }
},
{
    "model": "docServer.edge",
    "pk": 65,
    "fields": {
        "tgt": 79,
        "type": 1,
        "points": "[322.60848884440804, 1513.9331078020055, 552.581205018019, 1515.94936810632]",
        "date_modified": "2015-06-24T15:34:04.041Z",
        "created_by": [
            "admin"
        ],
        "graph": 3,
        "date_created": "2015-06-19T17:56:54.037Z",
        "src": 69,
        "toPort": "",
        "fromPort": ""
    }
},
{
    "model": "docServer.edge",
    "pk": 66,
    "fields": {
        "tgt": 74,
        "type": 1,
        "points": "[652.5803400085879, 1518.421916061528, 889.9973252851001, 1528.081047862794]",
        "date_modified": "2015-06-24T15:34:04.332Z",
        "created_by": [
            "admin"
        ],
        "graph": 3,
        "date_created": "2015-06-19T17:56:54.046Z",
        "src": 79,
        "toPort": "",
        "fromPort": ""
    }
},
{
    "model": "docServer.edge",
    "pk": 67,
    "fields": {
        "tgt": 77,
        "type": 1,
        "points": "[999.7223529936757, 1582.1790520173513, 1298.5173099135045, 1865.3290805283923]",
        "date_modified": "2015-06-24T15:34:04.344Z",
        "created_by": [
            "admin"
        ],
        "graph": 3,
        "date_created": "2015-06-19T17:56:54.054Z",
        "src": 74,
        "toPort": "",
        "fromPort": ""
    }
},
{
    "model": "docServer.edge",
    "pk": 68,
    "fields": {
        "tgt": 81,
        "type": 0,
        "points": "[264.65545764466646, 2353.083729186357, 264.65545764466646, 2363.083729186357, 264.65545764466646, 2407.5700873301766, 264.0147867180208, 2407.5700873301766, 264.0147867180208, 2452.0564454739965, 264.0147867180208, 2462.0564454739965]",
        "date_modified": "2015-06-24T15:34:04.356Z",
        "created_by": [
            "admin"
        ],
        "graph": 3,
        "date_created": "2015-06-19T17:56:54.063Z",
        "src": 80,
        "toPort": "T",
        "fromPort": "B"
    }
},
{
    "model": "docServer.edge",
    "pk": 69,
    "fields": {
        "tgt": 80,
        "type": 0,
        "points": "[265.60852727574905, 1574.933366955475, 265.60852727574905, 1584.933366955475, 265.60852727574905, 1917.5085480709158, 264.65545764466646, 1917.5085480709158, 264.65545764466646, 2250.083729186357, 264.65545764466646, 2260.083729186357]",
        "date_modified": "2015-06-24T15:34:04.372Z",
        "created_by": [
            "admin"
        ],
        "graph": 3,
        "date_created": "2015-06-19T17:58:34.311Z",
        "src": 69,
        "toPort": "T",
        "fromPort": "B"
    }
},
{
    "model": "docServer.edge",
    "pk": 70,
    "fields": {
        "tgt": 80,
        "type": 0,
        "points": "[602.581166586678, 1579.88773722856, 602.581166586678, 1589.88773722856, 602.581166586678, 1919.9857332074598, 264.655457644666, 1919.9857332074598, 264.655457644666, 2250.08372918636, 264.655457644666, 2260.08372918636]",
        "date_modified": "2015-06-24T15:34:04.386Z",
        "created_by": [
            "admin"
        ],
        "graph": 3,
        "date_created": "2015-06-19T17:58:34.320Z",
        "src": 79,
        "toPort": "T",
        "fromPort": "B"
    }
},
{
    "model": "docServer.edge",
    "pk": 71,
    "fields": {
        "tgt": 80,
        "type": 0,
        "points": "[944.99649870701, 1601.31864794193, 944.99649870701, 1611.31864794193, 944.99649870701, 1612, 264.655457644666, 1612, 264.655457644666, 2250.08372918636, 264.655457644666, 2260.08372918636]",
        "date_modified": "2015-06-24T15:34:04.401Z",
        "created_by": [
            "admin"
        ],
        "graph": 3,
        "date_created": "2015-06-19T17:58:34.328Z",
        "src": 74,
        "toPort": "T",
        "fromPort": "B"
    }
},
{
    "model": "docServer.edge",
    "pk": 72,
    "fields": {
        "tgt": 80,
        "type": 0,
        "points": "[1372.7431642001698, 2031.16846300721, 1372.7431642001698, 2041.16846300721, 1372.7431642001698, 2044, 264.655457644666, 2044, 264.655457644666, 2250.08372918636, 264.655457644666, 2260.08372918636]",
        "date_modified": "2015-06-24T15:34:04.416Z",
        "created_by": [
            "admin"
        ],
        "graph": 3,
        "date_created": "2015-06-19T17:58:34.337Z",
        "src": 77,
        "toPort": "T",
        "fromPort": "B"
    }
},
{
    "model": "docServer.edge",
    "pk": 73,
    "fields": {
        "tgt": 82,
        "type": 0,
        "points": "[264.0147867180208, 2613.0564454739965, 264.0147867180208, 2623.0564454739965, 264.0147867180208, 2668.9885363847843, 264.6761653758083, 2668.9885363847843, 264.6761653758083, 2714.9206272955726, 264.6761653758083, 2724.9206272955726]",
        "date_modified": "2015-06-24T15:34:04.213Z",
        "created_by": [
            "admin"
        ],
        "graph": 3,
        "date_created": "2015-06-19T18:20:38.329Z",
        "src": 81,
        "toPort": "T",
        "fromPort": "B"
    }
},
{
    "model": "docServer.edge",
    "pk": 75,
    "fields": {
        "tgt": 87,
        "type": 0,
        "points": "[956.4430376398898, 2000.6783260435545, 956.4430376398898, 2010.6783260435545, 956.4430376398898, 2049.4975224355157, 955.6809818164354, 2049.4975224355157, 955.6809818164354, 2088.3167188274774, 955.6809818164354, 2098.3167188274774]",
        "date_modified": "2015-06-24T15:34:04.269Z",
        "created_by": [
            "admin"
        ],
        "graph": 3,
        "date_created": "2015-06-19T18:34:19.957Z",
        "src": 86,
        "toPort": "T",
        "fromPort": "B"
    }
},
{
    "model": "docServer.edge",
    "pk": 76,
    "fields": {
        "tgt": 80,
        "type": 0,
        "points": "[955.680981816435, 2237.31671882748, 955.680981816435, 2247.31671882748, 955.680981816435, 2248.70022400692, 264.655457644666, 2248.70022400692, 264.655457644666, 2250.08372918636, 264.655457644666, 2260.08372918636]",
        "date_modified": "2015-06-24T15:34:04.281Z",
        "created_by": [
            "admin"
        ],
        "graph": 3,
        "date_created": "2015-06-19T18:34:19.966Z",
        "src": 87,
        "toPort": "T",
        "fromPort": "B"
    }
},
{
    "model": "docServer.edge",
    "pk": 77,
    "fields": {
        "tgt": 77,
        "type": 1,
        "points": "[1011.5547411986854, 2136.715851056217, 1298.369404817919, 1977.0669384592468]",
        "date_modified": "2015-06-24T15:34:04.320Z",
        "created_by": [
            "admin"
        ],
        "graph": 3,
        "date_created": "2015-06-19T18:34:42.790Z",
        "src": 87,
        "toPort": "",
        "fromPort": ""
    }
},
{
    "model": "report_builder.report",
    "pk": 1,
    "fields": {
        "distinct": false,
        "root_model": [
            "docServer",
            "actionnode"
        ],
        "slug": "unrealized-tasks",
        "user_modified": [
            "admin"
        ],
        "description": "",
        "starred": [
            [
                "admin"
            ]
        ],
        "report_file": "",
        "modified": "2015-06-10",
        "name": "Unrealized Activities",
        "user_created": [
            "admin"
        ],
        "report_file_creation": null,
        "created": "2015-06-10"
    }
},
{
    "model": "report_builder.report",
    "pk": 2,
    "fields": {
        "distinct": false,
        "root_model": [
            "docServer",
            "objectnode"
        ],
        "slug": "unrealized-artifacts",
        "user_modified": null,
        "description": "",
        "starred": [],
        "report_file": "",
        "modified": "2015-06-10",
        "name": "Unrealized Artifacts",
        "user_created": [
            "admin"
        ],
        "report_file_creation": null,
        "created": "2015-06-10"
    }
},
{
    "model": "report_builder.displayfield",
    "pk": 9,
    "fields": {
        "report": 1,
        "field": "first_name",
        "aggregate": "",
        "sort": null,
        "width": 15,
        "total": false,
        "sort_reverse": false,
        "field_verbose": "first name",
        "position": 0,
        "name": "User",
        "group": false,
        "path": "assigned_to__swimlane__user__",
        "display_format": null,
        "path_verbose": "user"
    }
},
{
    "model": "report_builder.displayfield",
    "pk": 10,
    "fields": {
        "report": 1,
        "field": "name",
        "aggregate": "",
        "sort": null,
        "width": 15,
        "total": false,
        "sort_reverse": false,
        "field_verbose": "name",
        "position": 1,
        "name": "Activity Name",
        "group": false,
        "path": "",
        "display_format": null,
        "path_verbose": ""
    }
},
{
    "model": "report_builder.displayfield",
    "pk": 11,
    "fields": {
        "report": 1,
        "field": "description",
        "aggregate": "",
        "sort": null,
        "width": 15,
        "total": false,
        "sort_reverse": false,
        "field_verbose": "description",
        "position": 2,
        "name": "Activity Description",
        "group": false,
        "path": "",
        "display_format": null,
        "path_verbose": ""
    }
},
{
    "model": "report_builder.displayfield",
    "pk": 12,
    "fields": {
        "report": 1,
        "field": "date_created",
        "aggregate": "",
        "sort": null,
        "width": 15,
        "total": false,
        "sort_reverse": false,
        "field_verbose": "date created",
        "position": 3,
        "name": "Date Created",
        "group": false,
        "path": "",
        "display_format": null,
        "path_verbose": ""
    }
},
{
    "model": "report_builder.displayfield",
    "pk": 13,
    "fields": {
        "report": 2,
        "field": "first_name",
        "aggregate": "",
        "sort": null,
        "width": 15,
        "total": false,
        "sort_reverse": false,
        "field_verbose": "first name",
        "position": 0,
        "name": "User",
        "group": false,
        "path": "assigned_to__swimlane__user__",
        "display_format": null,
        "path_verbose": "user"
    }
},
{
    "model": "report_builder.displayfield",
    "pk": 14,
    "fields": {
        "report": 2,
        "field": "name",
        "aggregate": "",
        "sort": null,
        "width": 15,
        "total": false,
        "sort_reverse": false,
        "field_verbose": "name",
        "position": 1,
        "name": "Artifact Name",
        "group": false,
        "path": "",
        "display_format": null,
        "path_verbose": ""
    }
},
{
    "model": "report_builder.displayfield",
    "pk": 15,
    "fields": {
        "report": 2,
        "field": "description",
        "aggregate": "",
        "sort": null,
        "width": 15,
        "total": false,
        "sort_reverse": false,
        "field_verbose": "description",
        "position": 2,
        "name": "Artifact Description",
        "group": false,
        "path": "",
        "display_format": null,
        "path_verbose": ""
    }
},
{
    "model": "report_builder.displayfield",
    "pk": 16,
    "fields": {
        "report": 2,
        "field": "date_created",
        "aggregate": "",
        "sort": null,
        "width": 15,
        "total": false,
        "sort_reverse": false,
        "field_verbose": "date created",
        "position": 3,
        "name": "Date Created",
        "group": false,
        "path": "",
        "display_format": null,
        "path_verbose": ""
    }
},
{
    "model": "report_builder.filterfield",
    "pk": 5,
    "fields": {
        "position": 0,
        "report": 1,
        "field": "tense",
        "field_verbose": "tense",
        "filter_value2": "",
        "filter_type": "exact",
        "exclude": false,
        "filter_value": "0",
        "path": "",
        "path_verbose": ""
    }
},
{
    "model": "report_builder.filterfield",
    "pk": 6,
    "fields": {
        "position": 0,
        "report": 2,
        "field": "tense",
        "field_verbose": "tense",
        "filter_value2": "",
        "filter_type": "exact",
        "exclude": false,
        "filter_value": "0",
        "path": "",
        "path_verbose": ""
    }
},
{
    "model": "admin.logentry",
    "pk": 1,
    "fields": {
        "action_flag": 2,
        "user": [
            "admin"
        ],
        "content_type": [
            "auth",
            "user"
        ],
        "change_message": "Changed password.",
        "object_id": "2",
        "action_time": "2015-06-04T21:56:15.670Z",
        "object_repr": "johnecon"
    }
},
{
    "model": "admin.logentry",
    "pk": 2,
    "fields": {
        "action_flag": 2,
        "user": [
            "admin"
        ],
        "content_type": [
            "docServer",
            "project"
        ],
        "change_message": "Changed contributors.",
        "object_id": "2",
        "action_time": "2015-06-04T21:56:43.115Z",
        "object_repr": "02264F15-1B"
    }
},
{
    "model": "admin.logentry",
    "pk": 3,
    "fields": {
        "action_flag": 3,
        "user": [
            "admin"
        ],
        "content_type": [
            "docServer",
            "objectnode"
        ],
        "change_message": "",
        "object_id": "23",
        "action_time": "2015-06-07T13:45:47.253Z",
        "object_repr": "das"
    }
},
{
    "model": "admin.logentry",
    "pk": 4,
    "fields": {
        "action_flag": 3,
        "user": [
            "admin"
        ],
        "content_type": [
            "docServer",
            "objectnode"
        ],
        "change_message": "",
        "object_id": "20",
        "action_time": "2015-06-07T13:45:47.263Z",
        "object_repr": ""
    }
},
{
    "model": "admin.logentry",
    "pk": 5,
    "fields": {
        "action_flag": 3,
        "user": [
            "admin"
        ],
        "content_type": [
            "docServer",
            "objectnode"
        ],
        "change_message": "",
        "object_id": "18",
        "action_time": "2015-06-07T13:45:47.272Z",
        "object_repr": "lkj"
    }
},
{
    "model": "admin.logentry",
    "pk": 6,
    "fields": {
        "action_flag": 3,
        "user": [
            "admin"
        ],
        "content_type": [
            "docServer",
            "objectnode"
        ],
        "change_message": "",
        "object_id": "15",
        "action_time": "2015-06-07T13:45:47.280Z",
        "object_repr": "sdasd"
    }
},
{
    "model": "admin.logentry",
    "pk": 7,
    "fields": {
        "action_flag": 3,
        "user": [
            "admin"
        ],
        "content_type": [
            "docServer",
            "objectnode"
        ],
        "change_message": "",
        "object_id": "14",
        "action_time": "2015-06-07T13:45:47.288Z",
        "object_repr": "adasd"
    }
},
{
    "model": "admin.logentry",
    "pk": 8,
    "fields": {
        "action_flag": 3,
        "user": [
            "admin"
        ],
        "content_type": [
            "docServer",
            "actionnode"
        ],
        "change_message": "",
        "object_id": "22",
        "action_time": "2015-06-07T13:45:57.281Z",
        "object_repr": "lkj"
    }
},
{
    "model": "admin.logentry",
    "pk": 9,
    "fields": {
        "action_flag": 3,
        "user": [
            "admin"
        ],
        "content_type": [
            "docServer",
            "actionnode"
        ],
        "change_message": "",
        "object_id": "17",
        "action_time": "2015-06-07T13:45:57.288Z",
        "object_repr": "lkj"
    }
},
{
    "model": "admin.logentry",
    "pk": 10,
    "fields": {
        "action_flag": 3,
        "user": [
            "admin"
        ],
        "content_type": [
            "docServer",
            "actionnode"
        ],
        "change_message": "",
        "object_id": "16",
        "action_time": "2015-06-07T13:45:57.296Z",
        "object_repr": "lkj"
    }
},
{
    "model": "admin.logentry",
    "pk": 11,
    "fields": {
        "action_flag": 3,
        "user": [
            "admin"
        ],
        "content_type": [
            "docServer",
            "actionnode"
        ],
        "change_message": "",
        "object_id": "13",
        "action_time": "2015-06-07T13:45:57.304Z",
        "object_repr": "lkjdsads"
    }
},
{
    "model": "admin.logentry",
    "pk": 12,
    "fields": {
        "action_flag": 2,
        "user": [
            "admin"
        ],
        "content_type": [
            "docServer",
            "project"
        ],
        "change_message": "Changed contributors.",
        "object_id": "1",
        "action_time": "2015-06-07T14:18:34.461Z",
        "object_repr": "02264F15-1A"
    }
},
{
    "model": "admin.logentry",
    "pk": 13,
    "fields": {
        "action_flag": 2,
        "user": [
            "admin"
        ],
        "content_type": [
            "docServer",
            "project"
        ],
        "change_message": "Changed name.",
        "object_id": "1",
        "action_time": "2015-06-07T14:23:01.160Z",
        "object_repr": "02264F15-1A The MultiMediaMaster"
    }
},
{
    "model": "admin.logentry",
    "pk": 14,
    "fields": {
        "action_flag": 3,
        "user": [
            "admin"
        ],
        "content_type": [
            "docServer",
            "controlnode"
        ],
        "change_message": "",
        "object_id": "21",
        "action_time": "2015-06-07T14:28:35.209Z",
        "object_repr": "ControlNode: 21"
    }
},
{
    "model": "admin.logentry",
    "pk": 15,
    "fields": {
        "action_flag": 3,
        "user": [
            "admin"
        ],
        "content_type": [
            "docServer",
            "commentnode"
        ],
        "change_message": "",
        "object_id": "24",
        "action_time": "2015-06-07T14:28:49.413Z",
        "object_repr": "CommentNode object"
    }
},
{
    "model": "admin.logentry",
    "pk": 16,
    "fields": {
        "action_flag": 3,
        "user": [
            "admin"
        ],
        "content_type": [
            "docServer",
            "commentnode"
        ],
        "change_message": "",
        "object_id": "28",
        "action_time": "2015-06-07T14:58:53.568Z",
        "object_repr": "CommentNode object"
    }
},
{
    "model": "admin.logentry",
    "pk": 17,
    "fields": {
        "action_flag": 3,
        "user": [
            "admin"
        ],
        "content_type": [
            "docServer",
            "objectnode"
        ],
        "change_message": "",
        "object_id": "42",
        "action_time": "2015-06-07T15:56:25.992Z",
        "object_repr": "Domain Model"
    }
},
{
    "model": "admin.logentry",
    "pk": 18,
    "fields": {
        "action_flag": 1,
        "user": [
            "admin"
        ],
        "content_type": [
            "auth",
            "user"
        ],
        "change_message": "",
        "object_id": "8",
        "action_time": "2015-06-08T12:44:01.318Z",
        "object_repr": "ahmadreza"
    }
},
{
    "model": "admin.logentry",
    "pk": 19,
    "fields": {
        "action_flag": 1,
        "user": [
            "admin"
        ],
        "content_type": [
            "auth",
            "user"
        ],
        "change_message": "",
        "object_id": "9",
        "action_time": "2015-06-08T13:09:15.247Z",
        "object_repr": "test"
    }
},
{
    "model": "admin.logentry",
    "pk": 20,
    "fields": {
        "action_flag": 2,
        "user": [
            "admin"
        ],
        "content_type": [
            "auth",
            "user"
        ],
        "change_message": "No fields changed.",
        "object_id": "9",
        "action_time": "2015-06-08T13:09:39.465Z",
        "object_repr": "test"
    }
},
{
    "model": "admin.logentry",
    "pk": 21,
    "fields": {
        "action_flag": 2,
        "user": [
            "admin"
        ],
        "content_type": [
            "auth",
            "user"
        ],
        "change_message": "Changed first_name, last_name and email.",
        "object_id": "9",
        "action_time": "2015-06-08T13:11:19.191Z",
        "object_repr": "test"
    }
},
{
    "model": "admin.logentry",
    "pk": 22,
    "fields": {
        "action_flag": 2,
        "user": [
            "admin"
        ],
        "content_type": [
            "docServer",
            "project"
        ],
        "change_message": "Changed contributors.",
        "object_id": "2",
        "action_time": "2015-06-08T13:11:43.976Z",
        "object_repr": "02264F15-1B"
    }
},
{
    "model": "admin.logentry",
    "pk": 23,
    "fields": {
        "action_flag": 2,
        "user": [
            "admin"
        ],
        "content_type": [
            "auth",
            "user"
        ],
        "change_message": "Changed first_name.",
        "object_id": "9",
        "action_time": "2015-06-08T13:13:04.898Z",
        "object_repr": "test"
    }
},
{
    "model": "admin.logentry",
    "pk": 24,
    "fields": {
        "action_flag": 1,
        "user": [
            "admin"
        ],
        "content_type": [
            "report_builder",
            "report"
        ],
        "change_message": "",
        "object_id": "1",
        "action_time": "2015-06-10T11:48:22.542Z",
        "object_repr": "Report object"
    }
},
{
    "model": "admin.logentry",
    "pk": 25,
    "fields": {
        "action_flag": 1,
        "user": [
            "admin"
        ],
        "content_type": [
            "auth",
            "user"
        ],
        "change_message": "",
        "object_id": "10",
        "action_time": "2015-06-13T20:42:16.057Z",
        "object_repr": "s083928"
    }
},
{
    "model": "admin.logentry",
    "pk": 26,
    "fields": {
        "action_flag": 2,
        "user": [
            "admin"
        ],
        "content_type": [
            "auth",
            "user"
        ],
        "change_message": "Changed first_name, last_name and email.",
        "object_id": "10",
        "action_time": "2015-06-13T20:42:34.177Z",
        "object_repr": "s083928"
    }
},
{
    "model": "admin.logentry",
    "pk": 27,
    "fields": {
        "action_flag": 1,
        "user": [
            "admin"
        ],
        "content_type": [
            "docServer",
            "project"
        ],
        "change_message": "",
        "object_id": "3",
        "action_time": "2015-06-13T20:43:24.414Z",
        "object_repr": "LMS Case Study"
    }
},
{
    "model": "admin.logentry",
    "pk": 28,
    "fields": {
        "action_flag": 2,
        "user": [
            "admin"
        ],
        "content_type": [
            "auth",
            "user"
        ],
        "change_message": "Changed first_name.",
        "object_id": "5",
        "action_time": "2015-06-19T15:32:25.375Z",
        "object_repr": "s133998"
    }
},
{
    "model": "admin.logentry",
    "pk": 29,
    "fields": {
        "action_flag": 2,
        "user": [
            "admin"
        ],
        "content_type": [
            "auth",
            "user"
        ],
        "change_message": "Changed first_name.",
        "object_id": "6",
        "action_time": "2015-06-19T15:32:40.957Z",
        "object_repr": "s133987"
    }
},
{
    "model": "admin.logentry",
    "pk": 30,
    "fields": {
        "action_flag": 2,
        "user": [
            "admin"
        ],
        "content_type": [
            "auth",
            "user"
        ],
        "change_message": "Changed first_name.",
        "object_id": "10",
        "action_time": "2015-06-19T15:33:10.287Z",
        "object_repr": "s083928"
    }
},
{
    "model": "admin.logentry",
    "pk": 31,
    "fields": {
        "action_flag": 2,
        "user": [
            "admin"
        ],
        "content_type": [
            "auth",
            "user"
        ],
        "change_message": "Changed first_name.",
        "object_id": "3",
        "action_time": "2015-06-19T15:33:51.623Z",
        "object_repr": "s122176"
    }
},
{
    "model": "admin.logentry",
    "pk": 32,
    "fields": {
        "action_flag": 2,
        "user": [
            "admin"
        ],
        "content_type": [
            "auth",
            "user"
        ],
        "change_message": "Changed username and first_name.",
        "object_id": "9",
        "action_time": "2015-06-19T15:36:35.331Z",
        "object_repr": "Eve"
    }
},
{
    "model": "admin.logentry",
    "pk": 33,
    "fields": {
        "action_flag": 3,
        "user": [
            "admin"
        ],
        "content_type": [
            "docServer",
            "actionnode"
        ],
        "change_message": "",
        "object_id": "84",
        "action_time": "2015-06-19T18:27:31.571Z",
        "object_repr": "Importing File System Goals"
    }
},
{
    "model": "admin.logentry",
    "pk": 34,
    "fields": {
        "action_flag": 3,
        "user": [
            "admin"
        ],
        "content_type": [
            "docServer",
            "objectnode"
        ],
        "change_message": "",
        "object_id": "85",
        "action_time": "2015-06-19T18:28:26.289Z",
        "object_repr": "System Goals-System Goals"
    }
},
{
    "model": "admin.logentry",
    "pk": 35,
    "fields": {
        "action_flag": 2,
        "user": [
            "admin"
        ],
        "content_type": [
            "auth",
            "user"
        ],
        "change_message": "Changed password.",
        "object_id": "5",
        "action_time": "2015-06-21T22:51:56.079Z",
        "object_repr": "s133998"
    }
},
{
    "model": "admin.logentry",
    "pk": 36,
    "fields": {
        "action_flag": 2,
        "user": [
            "admin"
        ],
        "content_type": [
            "auth",
            "user"
        ],
        "change_message": "Changed username.",
        "object_id": "5",
        "action_time": "2015-06-21T22:52:02.471Z",
        "object_repr": "test"
    }
}
]
