[
{
    "model": "auth.user",
    "fields": {
        "is_staff": true,
        "groups": [],
        "last_login": "2015-06-27T13:10:10.936Z",
        "user_permissions": [],
        "date_joined": "2015-02-19T12:41:31.270Z",
        "last_name": "",
        "is_superuser": true,
        "username": "admin",
        "is_active": true,
        "first_name": "",
        "email": "s083928@student.dtu.dk",
        "password": "pbkdf2_sha256$15000$NXzgBUAjmJPr$HMML/gHCH8Y5k5x+sdJQHXRgJL8BUKjph3V1cAAAah0="
    }
},
{
    "model": "auth.user",
    "fields": {
        "is_staff": false,
        "groups": [],
        "last_login": "2015-06-27T11:33:00.078Z",
        "user_permissions": [],
        "date_joined": "2015-06-27T11:33:00.078Z",
        "last_name": "Storrle",
        "is_superuser": false,
        "username": "hsto",
        "is_active": true,
        "first_name": "Harrald",
        "email": "hsto@dtu.dk",
        "password": ""
    }
},
{
    "model": "auth.user",
    "fields": {
        "is_staff": false,
        "groups": [],
        "last_login": "2015-06-27T11:33:00.086Z",
        "user_permissions": [],
        "date_joined": "2015-06-27T11:33:00.086Z",
        "last_name": "Behrens",
        "is_superuser": false,
        "username": "s133987",
        "is_active": true,
        "first_name": "Mike \u00d8stergaard",
        "email": "s133987@student.dtu.dk",
        "password": ""
    }
},
{
    "model": "auth.user",
    "fields": {
        "is_staff": false,
        "groups": [],
        "last_login": "2015-06-27T11:33:00.101Z",
        "user_permissions": [],
        "date_joined": "2015-06-27T11:33:00.101Z",
        "last_name": "Nylander",
        "is_superuser": false,
        "username": "s122176",
        "is_active": true,
        "first_name": "Ernst Magnus",
        "email": "s122176@student.dtu.dk",
        "password": ""
    }
},
{
    "model": "auth.user",
    "fields": {
        "is_staff": false,
        "groups": [],
        "last_login": "2015-06-27T11:33:00.109Z",
        "user_permissions": [],
        "date_joined": "2015-06-27T11:33:00.109Z",
        "last_name": "Eriksen",
        "is_superuser": false,
        "username": "s133998",
        "is_active": true,
        "first_name": "Andreas K\u00e6r",
        "email": "s133998@student.dtu.dk",
        "password": ""
    }
},
{
    "model": "auth.user",
    "fields": {
        "is_staff": false,
        "groups": [],
        "last_login": "2015-06-27T11:33:00.118Z",
        "user_permissions": [],
        "date_joined": "2015-06-27T11:33:00.118Z",
        "last_name": "Oikonomidis",
        "is_superuser": false,
        "username": "johnecon",
        "is_active": true,
        "first_name": "Ioannis",
        "email": "johnnyecon@gmail.com",
        "password": ""
    }
},
{
    "model": "auth.user",
    "fields": {
        "is_staff": false,
        "groups": [],
        "last_login": "2015-06-27T11:55:08Z",
        "user_permissions": [],
        "date_joined": "2015-06-27T11:55:08Z",
        "last_name": "Kavoura",
        "is_superuser": false,
        "username": "alice",
        "is_active": true,
        "first_name": "Alice",
        "email": "alice@dtu.red.dk",
        "password": "pbkdf2_sha256$15000$9NmRPsbqP6di$G6WRDnFoEeR4Pq5/pPbI9WGNAWUIUxJnDa1FLyXuK6M="
    }
},
{
    "model": "auth.user",
    "fields": {
        "is_staff": false,
        "groups": [],
        "last_login": "2015-06-27T11:55:17Z",
        "user_permissions": [],
        "date_joined": "2015-06-27T11:55:17Z",
        "last_name": "Marley",
        "is_superuser": false,
        "username": "bob",
        "is_active": true,
        "first_name": "Bob",
        "email": "bob@dtu.red.dk",
        "password": "pbkdf2_sha256$15000$aEbH4PkhiruO$HMDTJ7HqLsoTOnCALT252U6Vki0hzGMcJTE7HuHzPdY="
    }
},
{
    "model": "auth.user",
    "fields": {
        "is_staff": false,
        "groups": [],
        "last_login": "2015-06-27T11:55:27Z",
        "user_permissions": [],
        "date_joined": "2015-06-27T11:55:27Z",
        "last_name": "Chaplin",
        "is_superuser": false,
        "username": "charlie",
        "is_active": true,
        "first_name": "Charlie",
        "email": "charlie@dtu.red.dk",
        "password": "pbkdf2_sha256$15000$jnoqZw8vwZbs$SJ6ZAj/CU6Qlel1ITsJ+KFD9xETnUqyNazGzkyVDCbA="
    }
},
{
    "model": "auth.user",
    "fields": {
        "is_staff": false,
        "groups": [],
        "last_login": "2015-06-27T11:55:44Z",
        "user_permissions": [],
        "date_joined": "2015-06-27T11:55:44Z",
        "last_name": "Beckham",
        "is_superuser": false,
        "username": "david",
        "is_active": true,
        "first_name": "David",
        "email": "david@dtu.red.dk",
        "password": "pbkdf2_sha256$15000$TtWXEbKxVZsW$BKkyOkzlzsQpWFJalWV/UHfQqgo92L3X51kMy8p69l0="
    }
},
{
    "model": "auth.user",
    "fields": {
        "is_staff": false,
        "groups": [],
        "last_login": "2015-06-27T11:59:13.380Z",
        "user_permissions": [],
        "date_joined": "2015-06-27T11:59:13.380Z",
        "last_name": "",
        "is_superuser": false,
        "username": "ta",
        "is_active": true,
        "first_name": "",
        "email": "",
        "password": "pbkdf2_sha256$15000$nnx1mUhOr4hL$CaHzi4JQuynUJV8WEjgKsBg1ceOXOhfY6Rx5+GCw0A0="
    }
},
{
    "model": "docServer.project",
    "pk": 1,
    "fields": {
        "created_by": [
            "admin"
        ],
        "leaders": [
            [
                "s133987"
            ]
        ],
        "supervisors": [
            [
                "hsto"
            ],
            [
                "johnecon"
            ]
        ],
        "date_created": "2015-06-27T11:33:00.098Z",
        "name": "02264F15-1B",
        "date_modified": "2015-06-27T11:33:00.100Z",
        "contributors": []
    }
},
{
    "model": "docServer.project",
    "pk": 2,
    "fields": {
        "created_by": [
            "admin"
        ],
        "leaders": [
            [
                "s133998"
            ]
        ],
        "supervisors": [
            [
                "hsto"
            ],
            [
                "johnecon"
            ]
        ],
        "date_created": "2015-06-27T11:33:00.106Z",
        "name": "02264F15-1A",
        "date_modified": "2015-06-27T11:33:00.117Z",
        "contributors": [
            [
                "s122176"
            ]
        ]
    }
},
{
    "model": "docServer.project",
    "pk": 3,
    "fields": {
        "created_by": [
            "admin"
        ],
        "leaders": [
            [
                "charlie"
            ]
        ],
        "supervisors": [
            [
                "hsto"
            ],
            [
                "ta"
            ]
        ],
        "date_created": "2015-06-27T11:55:47.255Z",
        "name": "LMS Case Study",
        "date_modified": "2015-06-27T11:59:24.900Z",
        "contributors": [
            [
                "alice"
            ],
            [
                "bob"
            ],
            [
                "charlie"
            ],
            [
                "david"
            ]
        ]
    }
},
{
    "model": "docServer.graph",
    "pk": 1,
    "fields": {
        "project": 1,
        "is_template": false,
        "date_modified": "2015-06-27T11:33:00.128Z",
        "date_created": "2015-06-27T11:33:00.128Z"
    }
},
{
    "model": "docServer.graph",
    "pk": 2,
    "fields": {
        "project": 2,
        "is_template": false,
        "date_modified": "2015-06-27T11:33:00.137Z",
        "date_created": "2015-06-27T11:33:00.137Z"
    }
},
{
    "model": "docServer.graph",
    "pk": 3,
    "fields": {
        "project": 3,
        "is_template": false,
        "date_modified": "2015-06-27T12:04:27.935Z",
        "date_created": "2015-06-27T12:04:27.935Z"
    }
},
{
    "model": "docServer.area",
    "pk": 1,
    "fields": {
        "created_by": [
            "admin"
        ],
        "width": 300.0,
        "location_y": 0.0,
        "expanded": true,
        "date_created": "2015-06-27T11:33:00.131Z",
        "name": "Pool",
        "graph": 1,
        "date_modified": "2015-06-27T11:33:00.131Z",
        "location_x": 0.0,
        "height": 800.0,
        "real_type": [
            "docServer",
            "area"
        ]
    }
},
{
    "model": "docServer.area",
    "pk": 2,
    "fields": {
        "created_by": [
            "admin"
        ],
        "width": 300.0,
        "location_y": 0.0,
        "expanded": true,
        "date_created": "2015-06-27T11:33:00.135Z",
        "name": "s133987",
        "graph": 1,
        "date_modified": "2015-06-27T11:33:00.135Z",
        "location_x": 0.0,
        "height": 800.0,
        "real_type": [
            "docServer",
            "swimlane"
        ]
    }
},
{
    "model": "docServer.area",
    "pk": 3,
    "fields": {
        "created_by": [
            "admin"
        ],
        "width": 300.0,
        "location_y": 26.596443176269535,
        "expanded": true,
        "date_created": "2015-06-27T11:33:00.138Z",
        "name": "Pool",
        "graph": 2,
        "date_modified": "2015-06-27T12:04:06.634Z",
        "location_x": 0.5,
        "height": 800.0,
        "real_type": [
            "docServer",
            "area"
        ]
    }
},
{
    "model": "docServer.area",
    "pk": 4,
    "fields": {
        "created_by": [
            "admin"
        ],
        "width": 300.0,
        "location_y": 50.11929067457747,
        "expanded": true,
        "date_created": "2015-06-27T11:33:00.140Z",
        "name": "s122176",
        "graph": 2,
        "date_modified": "2015-06-27T12:04:06.641Z",
        "location_x": 301.5,
        "height": 800.0,
        "real_type": [
            "docServer",
            "swimlane"
        ]
    }
},
{
    "model": "docServer.area",
    "pk": 5,
    "fields": {
        "created_by": [
            "admin"
        ],
        "width": 300.0,
        "location_y": 50.11929067457747,
        "expanded": true,
        "date_created": "2015-06-27T11:33:00.142Z",
        "name": "s133998",
        "graph": 2,
        "date_modified": "2015-06-27T12:04:06.646Z",
        "location_x": 0.5,
        "height": 800.0,
        "real_type": [
            "docServer",
            "swimlane"
        ]
    }
},
{
    "model": "docServer.area",
    "pk": 6,
    "fields": {
        "created_by": [
            "admin"
        ],
        "width": 300.0,
        "location_y": 26.596443176269535,
        "expanded": true,
        "date_created": "2015-06-27T12:04:27.953Z",
        "name": "Pool",
        "graph": 3,
        "date_modified": "2015-06-27T13:11:09.887Z",
        "location_x": 0.5,
        "height": 800.0,
        "real_type": [
            "docServer",
            "area"
        ]
    }
},
{
    "model": "docServer.area",
    "pk": 7,
    "fields": {
        "created_by": [
            "admin"
        ],
        "width": 449.97616326562525,
        "location_y": 50.11929067457747,
        "expanded": true,
        "date_created": "2015-06-27T12:04:27.994Z",
        "name": "alice",
        "graph": 3,
        "date_modified": "2015-06-27T13:11:09.898Z",
        "location_x": 0.5,
        "height": 2279.1238228283833,
        "real_type": [
            "docServer",
            "swimlane"
        ]
    }
},
{
    "model": "docServer.area",
    "pk": 8,
    "fields": {
        "created_by": [
            "admin"
        ],
        "width": 344.9072755974031,
        "location_y": 50.11929067457747,
        "expanded": true,
        "date_created": "2015-06-27T12:04:28.025Z",
        "name": "bob",
        "graph": 3,
        "date_modified": "2015-06-27T13:11:09.908Z",
        "location_x": 451.5,
        "height": 2279.1238228283833,
        "real_type": [
            "docServer",
            "swimlane"
        ]
    }
},
{
    "model": "docServer.area",
    "pk": 9,
    "fields": {
        "created_by": [
            "admin"
        ],
        "width": 378.6142334460935,
        "location_y": 50.11929067457747,
        "expanded": true,
        "date_created": "2015-06-27T12:04:28.046Z",
        "name": "charlie",
        "graph": 3,
        "date_modified": "2015-06-27T13:11:09.921Z",
        "location_x": 797.5,
        "height": 2279.1238228283833,
        "real_type": [
            "docServer",
            "swimlane"
        ]
    }
},
{
    "model": "docServer.area",
    "pk": 10,
    "fields": {
        "created_by": [
            "admin"
        ],
        "width": 374.328125,
        "location_y": 50.11929067457747,
        "expanded": true,
        "date_created": "2015-06-27T12:04:28.063Z",
        "name": "david",
        "graph": 3,
        "date_modified": "2015-06-27T13:11:09.931Z",
        "location_x": 1177.5,
        "height": 2279.1238228283833,
        "real_type": [
            "docServer",
            "swimlane"
        ]
    }
},
{
    "model": "docServer.swimlane",
    "pk": 2,
    "fields": {
        "color": "#ffffff",
        "user": [
            "s133987"
        ]
    }
},
{
    "model": "docServer.swimlane",
    "pk": 4,
    "fields": {
        "color": "#ffffff",
        "user": [
            "s122176"
        ]
    }
},
{
    "model": "docServer.swimlane",
    "pk": 5,
    "fields": {
        "color": "#ffffff",
        "user": [
            "s133998"
        ]
    }
},
{
    "model": "docServer.swimlane",
    "pk": 7,
    "fields": {
        "color": "#f2eff2",
        "user": [
            "alice"
        ]
    }
},
{
    "model": "docServer.swimlane",
    "pk": 8,
    "fields": {
        "color": "#bdffd9",
        "user": [
            "bob"
        ]
    }
},
{
    "model": "docServer.swimlane",
    "pk": 9,
    "fields": {
        "color": "#cdbfff",
        "user": [
            "charlie"
        ]
    }
},
{
    "model": "docServer.swimlane",
    "pk": 10,
    "fields": {
        "color": "#ff9e9e",
        "user": [
            "david"
        ]
    }
},
{
    "model": "docServer.node",
    "pk": 11,
    "fields": {
        "created_by": [
            "admin"
        ],
        "width": 95.0,
        "location_y": 203.0001598687066,
        "date_created": "2015-06-27T12:40:34.472Z",
        "assigned_to": 9,
        "graph": 3,
        "date_modified": "2015-06-27T13:11:09.703Z",
        "location_x": 990.263729984375,
        "height": 48.0,
        "real_type": [
            "docServer",
            "actionnode"
        ]
    }
},
{
    "model": "docServer.node",
    "pk": 12,
    "fields": {
        "created_by": [
            "admin"
        ],
        "width": 0.0,
        "location_y": 89.53140986870658,
        "date_created": "2015-06-27T12:40:34.476Z",
        "assigned_to": 9,
        "graph": 3,
        "date_modified": "2015-06-27T13:11:09.710Z",
        "location_x": 990.263729984375,
        "height": 0.0,
        "real_type": [
            "docServer",
            "controlnode"
        ]
    }
},
{
    "model": "docServer.node",
    "pk": 13,
    "fields": {
        "created_by": [
            "admin"
        ],
        "width": 60.0,
        "location_y": 316.4689098687066,
        "date_created": "2015-06-27T12:40:34.479Z",
        "assigned_to": 9,
        "graph": 3,
        "date_modified": "2015-06-27T13:11:09.718Z",
        "location_x": 990.263729984375,
        "height": 68.0,
        "real_type": [
            "docServer",
            "objectnode"
        ]
    }
},
{
    "model": "docServer.node",
    "pk": 14,
    "fields": {
        "created_by": [
            "admin"
        ],
        "width": 153.0,
        "location_y": 429.9376598687066,
        "date_created": "2015-06-27T12:41:24.630Z",
        "assigned_to": 9,
        "graph": 3,
        "date_modified": "2015-06-27T13:11:09.725Z",
        "location_x": 990.263729984375,
        "height": 69.0,
        "real_type": [
            "docServer",
            "actionnode"
        ]
    }
},
{
    "model": "docServer.node",
    "pk": 15,
    "fields": {
        "created_by": [
            "admin"
        ],
        "width": 78.0,
        "location_y": 543.4064098687065,
        "date_created": "2015-06-27T12:41:48.790Z",
        "assigned_to": 9,
        "graph": 3,
        "date_modified": "2015-06-27T13:11:09.731Z",
        "location_x": 990.263729984375,
        "height": 88.0,
        "real_type": [
            "docServer",
            "objectnode"
        ]
    }
},
{
    "model": "docServer.node",
    "pk": 16,
    "fields": {
        "created_by": [
            "admin"
        ],
        "width": 152.0,
        "location_y": 656.8751598687065,
        "date_created": "2015-06-27T12:41:48.792Z",
        "assigned_to": 9,
        "graph": 3,
        "date_modified": "2015-06-27T13:11:09.737Z",
        "location_x": 990.263729984375,
        "height": 61.0,
        "real_type": [
            "docServer",
            "actionnode"
        ]
    }
},
{
    "model": "docServer.node",
    "pk": 17,
    "fields": {
        "created_by": [
            "admin"
        ],
        "width": 122.0,
        "location_y": 826.6279267749566,
        "date_created": "2015-06-27T12:42:56.365Z",
        "assigned_to": 7,
        "graph": 3,
        "date_modified": "2015-06-27T13:11:09.748Z",
        "location_x": 340.47616326562525,
        "height": 156.0,
        "real_type": [
            "docServer",
            "objectnode"
        ]
    }
},
{
    "model": "docServer.node",
    "pk": 18,
    "fields": {
        "created_by": [
            "admin"
        ],
        "width": 105.0,
        "location_y": 831.9883093374565,
        "date_created": "2015-06-27T12:42:56.367Z",
        "assigned_to": 8,
        "graph": 3,
        "date_modified": "2015-06-27T13:11:09.758Z",
        "location_x": 637.1005807536529,
        "height": 125.0,
        "real_type": [
            "docServer",
            "objectnode"
        ]
    }
},
{
    "model": "docServer.node",
    "pk": 19,
    "fields": {
        "created_by": [
            "admin"
        ],
        "width": 115.0,
        "location_y": 826.6279267749566,
        "date_created": "2015-06-27T12:42:56.369Z",
        "assigned_to": 9,
        "graph": 3,
        "date_modified": "2015-06-27T13:11:09.764Z",
        "location_x": 990.263729984375,
        "height": 154.0,
        "real_type": [
            "docServer",
            "objectnode"
        ]
    }
},
{
    "model": "docServer.node",
    "pk": 20,
    "fields": {
        "created_by": [
            "admin"
        ],
        "width": 111.0,
        "location_y": 826.6279267749566,
        "date_created": "2015-06-27T12:42:56.372Z",
        "assigned_to": 10,
        "graph": 3,
        "date_modified": "2015-06-27T13:11:09.769Z",
        "location_x": 1393.828125,
        "height": 155.0,
        "real_type": [
            "docServer",
            "objectnode"
        ]
    }
},
{
    "model": "docServer.node",
    "pk": 21,
    "fields": {
        "created_by": [
            "admin"
        ],
        "width": 220.0,
        "location_y": 987.4932720117757,
        "date_created": "2015-06-27T12:44:40.459Z",
        "assigned_to": 8,
        "graph": 3,
        "date_modified": "2015-06-27T13:11:09.775Z",
        "location_x": 637.1005807536529,
        "height": 66.0,
        "real_type": [
            "docServer",
            "actionnode"
        ]
    }
},
{
    "model": "docServer.node",
    "pk": 22,
    "fields": {
        "created_by": [
            "admin"
        ],
        "width": 77.0,
        "location_y": 1118.876513154845,
        "date_created": "2015-06-27T12:44:40.462Z",
        "assigned_to": 8,
        "graph": 3,
        "date_modified": "2015-06-27T13:11:09.781Z",
        "location_x": 637.1005807536529,
        "height": 93.0,
        "real_type": [
            "docServer",
            "objectnode"
        ]
    }
},
{
    "model": "docServer.node",
    "pk": 23,
    "fields": {
        "created_by": [
            "admin"
        ],
        "width": 192.0,
        "location_y": 1313.8780078094594,
        "date_created": "2015-06-27T12:44:40.464Z",
        "assigned_to": 7,
        "graph": 3,
        "date_modified": "2015-06-27T13:11:09.786Z",
        "location_x": 336.4558763437502,
        "height": 62.0,
        "real_type": [
            "docServer",
            "actionnode"
        ]
    }
},
{
    "model": "docServer.node",
    "pk": 24,
    "fields": {
        "created_by": [
            "admin"
        ],
        "width": 198.0,
        "location_y": 1313.2442494072893,
        "date_created": "2015-06-27T12:44:40.466Z",
        "assigned_to": 8,
        "graph": 3,
        "date_modified": "2015-06-27T13:11:09.792Z",
        "location_x": 637.1005807536529,
        "height": 60.0,
        "real_type": [
            "docServer",
            "actionnode"
        ]
    }
},
{
    "model": "docServer.node",
    "pk": 25,
    "fields": {
        "created_by": [
            "admin"
        ],
        "width": 255.0,
        "location_y": 1315.1789011072333,
        "date_created": "2015-06-27T12:44:40.469Z",
        "assigned_to": 9,
        "graph": 3,
        "date_modified": "2015-06-27T13:11:09.799Z",
        "location_x": 996.4690428482891,
        "height": 67.0,
        "real_type": [
            "docServer",
            "actionnode"
        ]
    }
},
{
    "model": "docServer.node",
    "pk": 26,
    "fields": {
        "created_by": [
            "admin"
        ],
        "width": 78.0,
        "location_y": 1512.2727974430352,
        "date_created": "2015-06-27T12:48:00.701Z",
        "assigned_to": 7,
        "graph": 3,
        "date_modified": "2015-06-27T13:11:09.805Z",
        "location_x": 336.4558763437502,
        "height": 94.0,
        "real_type": [
            "docServer",
            "objectnode"
        ]
    }
},
{
    "model": "docServer.node",
    "pk": 27,
    "fields": {
        "created_by": [
            "admin"
        ],
        "width": 78.0,
        "location_y": 1511.6322725816087,
        "date_created": "2015-06-27T12:48:00.704Z",
        "assigned_to": 8,
        "graph": 3,
        "date_modified": "2015-06-27T13:11:09.815Z",
        "location_x": 637.1005807536529,
        "height": 89.0,
        "real_type": [
            "docServer",
            "objectnode"
        ]
    }
},
{
    "model": "docServer.node",
    "pk": 28,
    "fields": {
        "created_by": [
            "admin"
        ],
        "width": 75.0,
        "location_y": 1512.7830129659403,
        "date_created": "2015-06-27T12:48:00.707Z",
        "assigned_to": 9,
        "graph": 3,
        "date_modified": "2015-06-27T13:11:09.822Z",
        "location_x": 990.263729984375,
        "height": 101.0,
        "real_type": [
            "docServer",
            "objectnode"
        ]
    }
},
{
    "model": "docServer.node",
    "pk": 29,
    "fields": {
        "created_by": [
            "admin"
        ],
        "width": 290.0,
        "location_y": 1647.9536104868598,
        "date_created": "2015-06-27T12:48:00.709Z",
        "assigned_to": 10,
        "graph": 3,
        "date_modified": "2015-06-27T13:11:09.829Z",
        "location_x": 1393.828125,
        "height": 65.0,
        "real_type": [
            "docServer",
            "actionnode"
        ]
    }
},
{
    "model": "docServer.node",
    "pk": 30,
    "fields": {
        "created_by": [
            "admin"
        ],
        "width": 89.0,
        "location_y": 1903.0724636849873,
        "date_created": "2015-06-27T12:48:00.712Z",
        "assigned_to": 10,
        "graph": 3,
        "date_modified": "2015-06-27T13:11:09.838Z",
        "location_x": 1393.828125,
        "height": 111.0,
        "real_type": [
            "docServer",
            "objectnode"
        ]
    }
},
{
    "model": "docServer.node",
    "pk": 31,
    "fields": {
        "created_by": [
            "admin"
        ],
        "width": 146.0,
        "location_y": 2067.3741416793596,
        "date_created": "2015-06-27T12:49:32.529Z",
        "assigned_to": 7,
        "graph": 3,
        "date_modified": "2015-06-27T13:11:09.844Z",
        "location_x": 336.4558763437502,
        "height": 52.0,
        "real_type": [
            "docServer",
            "actionnode"
        ]
    }
},
{
    "model": "docServer.node",
    "pk": 32,
    "fields": {
        "created_by": [
            "admin"
        ],
        "width": 68.0,
        "location_y": 2217.0717249216264,
        "date_created": "2015-06-27T12:49:32.531Z",
        "assigned_to": 7,
        "graph": 3,
        "date_modified": "2015-06-27T13:11:09.850Z",
        "location_x": 337.7959719843752,
        "height": 89.0,
        "real_type": [
            "docServer",
            "objectnode"
        ]
    }
},
{
    "model": "docServer.node",
    "pk": 33,
    "fields": {
        "created_by": [
            "admin"
        ],
        "width": 0.0,
        "location_y": 2301.2431135029606,
        "date_created": "2015-06-27T12:49:32.534Z",
        "assigned_to": 7,
        "graph": 3,
        "date_modified": "2015-06-27T13:11:09.856Z",
        "location_x": 337.7959719843752,
        "height": 0.0,
        "real_type": [
            "docServer",
            "controlnode"
        ]
    }
},
{
    "model": "docServer.node",
    "pk": 34,
    "fields": {
        "created_by": [
            "admin"
        ],
        "width": 193.0,
        "location_y": 1690.2230870792625,
        "date_created": "2015-06-27T12:49:32.536Z",
        "assigned_to": 9,
        "graph": 3,
        "date_modified": "2015-06-27T13:11:09.862Z",
        "location_x": 990.263729984375,
        "height": 59.0,
        "real_type": [
            "docServer",
            "actionnode"
        ]
    }
},
{
    "model": "docServer.node",
    "pk": 35,
    "fields": {
        "created_by": [
            "admin"
        ],
        "width": 82.0,
        "location_y": 1823.8731949702562,
        "date_created": "2015-06-27T12:49:32.539Z",
        "assigned_to": 9,
        "graph": 3,
        "date_modified": "2015-06-27T13:11:09.869Z",
        "location_x": 990.263729984375,
        "height": 101.0,
        "real_type": [
            "docServer",
            "objectnode"
        ]
    }
},
{
    "model": "docServer.node",
    "pk": 36,
    "fields": {
        "created_by": [
            "admin"
        ],
        "width": 202.0,
        "location_y": 1303.2028462194137,
        "date_created": "2015-06-27T13:01:37.184Z",
        "assigned_to": 7,
        "graph": 3,
        "date_modified": "2015-06-27T13:11:09.876Z",
        "location_x": 114.0,
        "height": 60.0,
        "real_type": [
            "docServer",
            "commentnode"
        ]
    }
},
{
    "model": "docServer.objectnode",
    "pk": 13,
    "fields": {
        "is_exported": false,
        "date_realized": null,
        "tense": 0,
        "name": "Vision",
        "realized_by": null,
        "description": "For small to medium sized libraries that struggle with innovating their service offering the Library Management System (LMS) is a new, state of the art information system that handles all major library business processes from corpus management and reader handling to lending traffic automation. LMS allows to integrate traditional customer service with self-service kiosks and on-line access by readers. This helps reducing repetitive tasks of librarians dramatically, and allows to improve existing services in terms of convenience, speed, and reliability, and also adds new services for readers that help address new target groups currently not well reached by classical libraries. We expect a market penetration of 2% of all computer-supported public libraries in Europe within 5 years. In comparison with manual library management currently in place at many libraries, our product will reduce administrative costs, free staff capacity for strategic initiatives, and attract more users.",
        "resource": null
    }
},
{
    "model": "docServer.objectnode",
    "pk": 15,
    "fields": {
        "is_exported": false,
        "date_realized": null,
        "tense": 0,
        "name": "Stakeholders",
        "realized_by": null,
        "description": "",
        "resource": null
    }
},
{
    "model": "docServer.objectnode",
    "pk": 17,
    "fields": {
        "is_exported": false,
        "date_realized": null,
        "tense": 0,
        "name": "Taarb\u00e6k Commune\n\nExecutives / Owners of Supplier\n\nProject Manager",
        "realized_by": null,
        "description": "",
        "resource": null
    }
},
{
    "model": "docServer.objectnode",
    "pk": 18,
    "fields": {
        "is_exported": false,
        "date_realized": null,
        "tense": 0,
        "name": "Chief Librarians\n\nReaders\n\nDevelopers",
        "realized_by": null,
        "description": "",
        "resource": null
    }
},
{
    "model": "docServer.objectnode",
    "pk": 19,
    "fields": {
        "is_exported": false,
        "date_realized": null,
        "tense": 0,
        "name": "Librarians\n\nFuture LMS Buyers\n\nMaintenance & Operations",
        "realized_by": null,
        "description": "",
        "resource": null
    }
},
{
    "model": "docServer.objectnode",
    "pk": 20,
    "fields": {
        "is_exported": false,
        "date_realized": null,
        "tense": 0,
        "name": "Local Media Retailers\n\nGeneral Public\n\nCooperating Libraries",
        "realized_by": null,
        "description": "",
        "resource": null
    }
},
{
    "model": "docServer.objectnode",
    "pk": 22,
    "fields": {
        "is_exported": false,
        "date_realized": null,
        "tense": 0,
        "name": "First Deliverable",
        "realized_by": null,
        "description": "Stakeholders, Vision",
        "resource": null
    }
},
{
    "model": "docServer.objectnode",
    "pk": 26,
    "fields": {
        "is_exported": false,
        "date_realized": null,
        "tense": 0,
        "name": "System Context Diagram",
        "realized_by": null,
        "description": "",
        "resource": null
    }
},
{
    "model": "docServer.objectnode",
    "pk": 27,
    "fields": {
        "is_exported": false,
        "date_realized": null,
        "tense": 0,
        "name": "Personas",
        "realized_by": null,
        "description": "",
        "resource": null
    }
},
{
    "model": "docServer.objectnode",
    "pk": 28,
    "fields": {
        "is_exported": false,
        "date_realized": null,
        "tense": 0,
        "name": "Physical System Structure Diagram",
        "realized_by": null,
        "description": "",
        "resource": null
    }
},
{
    "model": "docServer.objectnode",
    "pk": 30,
    "fields": {
        "is_exported": false,
        "date_realized": null,
        "tense": 0,
        "name": "Internal Physical Structure Diagram",
        "realized_by": null,
        "description": "",
        "resource": null
    }
},
{
    "model": "docServer.objectnode",
    "pk": 32,
    "fields": {
        "is_exported": false,
        "date_realized": null,
        "tense": 0,
        "name": "Second Deliverable",
        "realized_by": null,
        "description": "",
        "resource": null
    }
},
{
    "model": "docServer.objectnode",
    "pk": 35,
    "fields": {
        "is_exported": false,
        "date_realized": null,
        "tense": 0,
        "name": "System Goals",
        "realized_by": null,
        "description": "",
        "resource": null
    }
},
{
    "model": "docServer.commentnode",
    "pk": 36,
    "fields": {
        "name": "Shouldn't this be two systems?"
    }
},
{
    "model": "docServer.actionnode",
    "pk": 11,
    "fields": {
        "date_realized": null,
        "tense": 0,
        "name": "Create Vision",
        "operation_type": "In",
        "description": "",
        "realized_by": null
    }
},
{
    "model": "docServer.actionnode",
    "pk": 14,
    "fields": {
        "date_realized": null,
        "tense": 0,
        "name": "Enumerate Stakeholders",
        "operation_type": "In",
        "description": "Taarb\u00e6k Commune, external\nExecutives / Owner, internal\nProject Manager, internal\nChief Librarians, external\nReaders, external\nDevelopers, internal\nLibrarians, external\nFuture LMS Buyers, external\nMaintenance & Operations, external\nLocal Media Retailers, external\nGeneral Public, external\nCooperating Libraries, external",
        "realized_by": null
    }
},
{
    "model": "docServer.actionnode",
    "pk": 16,
    "fields": {
        "date_realized": null,
        "tense": 0,
        "name": "Analyze Stakeholders",
        "operation_type": "In",
        "description": "",
        "realized_by": null
    }
},
{
    "model": "docServer.actionnode",
    "pk": 21,
    "fields": {
        "date_realized": null,
        "tense": 0,
        "name": "Merge Stakeholders and Deliver",
        "operation_type": "In",
        "description": "",
        "realized_by": null
    }
},
{
    "model": "docServer.actionnode",
    "pk": 23,
    "fields": {
        "date_realized": null,
        "tense": 0,
        "name": "Draw System Context Diagram",
        "operation_type": "In",
        "description": "",
        "realized_by": null
    }
},
{
    "model": "docServer.actionnode",
    "pk": 24,
    "fields": {
        "date_realized": null,
        "tense": 0,
        "name": "Create and Document Personas",
        "operation_type": "In",
        "description": "",
        "realized_by": null
    }
},
{
    "model": "docServer.actionnode",
    "pk": 25,
    "fields": {
        "date_realized": null,
        "tense": 0,
        "name": "Draw Physical System Structure Diagram",
        "operation_type": "In",
        "description": "",
        "realized_by": null
    }
},
{
    "model": "docServer.actionnode",
    "pk": 29,
    "fields": {
        "date_realized": null,
        "tense": 0,
        "name": "Draw Internal Physical System Structure Diagram",
        "operation_type": "In",
        "description": "",
        "realized_by": null
    }
},
{
    "model": "docServer.actionnode",
    "pk": 31,
    "fields": {
        "date_realized": null,
        "tense": 0,
        "name": "Merge and Deliver",
        "operation_type": "In",
        "description": "",
        "realized_by": null
    }
},
{
    "model": "docServer.actionnode",
    "pk": 34,
    "fields": {
        "date_realized": null,
        "tense": 0,
        "name": "Import System Goals",
        "operation_type": "Im",
        "description": "",
        "realized_by": null
    }
},
{
    "model": "docServer.controlnode",
    "pk": 12,
    "fields": {
        "type": "S"
    }
},
{
    "model": "docServer.controlnode",
    "pk": 33,
    "fields": {
        "type": "E"
    }
},
{
    "model": "docServer.edge",
    "pk": 6,
    "fields": {
        "fromPort": "",
        "created_by": [
            "admin"
        ],
        "tgt": 11,
        "type": 0,
        "date_created": "2015-06-27T12:40:34.482Z",
        "toPort": "",
        "src": 12,
        "graph": 3,
        "date_modified": "2015-06-27T13:11:09.938Z",
        "points": "[990.263729984375, 105.03140986870658, 990.263729984375, 115.03140986870658, 990.263729984375, 141.5157848687066, 990.263729984375, 141.5157848687066, 990.263729984375, 168.0001598687066, 990.263729984375, 178.0001598687066]"
    }
},
{
    "model": "docServer.edge",
    "pk": 7,
    "fields": {
        "fromPort": "",
        "created_by": [
            "admin"
        ],
        "tgt": 13,
        "type": 0,
        "date_created": "2015-06-27T12:40:34.485Z",
        "toPort": "",
        "src": 11,
        "graph": 3,
        "date_modified": "2015-06-27T13:11:09.945Z",
        "points": "[990.263729984375, 228.0001598687066, 990.263729984375, 238.0001598687066, 990.263729984375, 254.7345348687066, 990.263729984375, 254.7345348687066, 990.263729984375, 271.4689098687066, 990.263729984375, 281.4689098687066]"
    }
},
{
    "model": "docServer.edge",
    "pk": 8,
    "fields": {
        "fromPort": "B",
        "created_by": [
            "admin"
        ],
        "tgt": 14,
        "type": 0,
        "date_created": "2015-06-27T12:53:35.304Z",
        "toPort": "T",
        "src": 13,
        "graph": 3,
        "date_modified": "2015-06-27T13:11:09.953Z",
        "points": "[990.263729984375, 351.4689098687066, 990.263729984375, 361.4689098687066, 990.263729984375, 372.9532848687066, 990.263729984375, 372.9532848687066, 990.263729984375, 384.4376598687066, 990.263729984375, 394.4376598687066]"
    }
},
{
    "model": "docServer.edge",
    "pk": 9,
    "fields": {
        "fromPort": "B",
        "created_by": [
            "admin"
        ],
        "tgt": 15,
        "type": 0,
        "date_created": "2015-06-27T12:53:35.308Z",
        "toPort": "T",
        "src": 14,
        "graph": 3,
        "date_modified": "2015-06-27T13:11:09.961Z",
        "points": "[990.263729984375, 465.4376598687066, 990.263729984375, 475.4376598687066, 990.263729984375, 481.92203486870653, 990.263729984375, 481.92203486870653, 990.263729984375, 488.40640986870653, 990.263729984375, 498.40640986870653]"
    }
},
{
    "model": "docServer.edge",
    "pk": 10,
    "fields": {
        "fromPort": "B",
        "created_by": [
            "admin"
        ],
        "tgt": 16,
        "type": 0,
        "date_created": "2015-06-27T12:53:35.312Z",
        "toPort": "T",
        "src": 15,
        "graph": 3,
        "date_modified": "2015-06-27T13:11:09.968Z",
        "points": "[990.263729984375, 588.4064098687065, 990.263729984375, 598.4064098687065, 990.263729984375, 606.8907848687065, 990.263729984375, 606.8907848687065, 990.263729984375, 615.3751598687065, 990.263729984375, 625.3751598687065]"
    }
},
{
    "model": "docServer.edge",
    "pk": 11,
    "fields": {
        "fromPort": "B",
        "created_by": [
            "admin"
        ],
        "tgt": 19,
        "type": 0,
        "date_created": "2015-06-27T12:53:35.315Z",
        "toPort": "T",
        "src": 16,
        "graph": 3,
        "date_modified": "2015-06-27T13:11:09.977Z",
        "points": "[990.263729984375, 688.3751598687065, 990.263729984375, 698.3751598687065, 990.263729984375, 718.5015433218316, 990.263729984375, 718.5015433218316, 990.263729984375, 738.6279267749566, 990.263729984375, 748.6279267749566]"
    }
},
{
    "model": "docServer.edge",
    "pk": 12,
    "fields": {
        "fromPort": "B",
        "created_by": [
            "admin"
        ],
        "tgt": 18,
        "type": 0,
        "date_created": "2015-06-27T12:53:35.318Z",
        "toPort": "T",
        "src": 16,
        "graph": 3,
        "date_modified": "2015-06-27T13:11:09.985Z",
        "points": "[990.263729984375, 688.3751598687065, 990.263729984375, 698.3751598687065, 990.263729984375, 728.4317346030815, 637.1005807536529, 728.4317346030815, 637.1005807536529, 758.4883093374565, 637.1005807536529, 768.4883093374565]"
    }
},
{
    "model": "docServer.edge",
    "pk": 13,
    "fields": {
        "fromPort": "B",
        "created_by": [
            "admin"
        ],
        "tgt": 17,
        "type": 0,
        "date_created": "2015-06-27T12:58:15.089Z",
        "toPort": "T",
        "src": 16,
        "graph": 3,
        "date_modified": "2015-06-27T13:11:09.994Z",
        "points": "[990.263729984375, 688.3751598687065, 990.263729984375, 698.3751598687065, 990.263729984375, 718.0015433218316, 340.47616326562525, 718.0015433218316, 340.47616326562525, 737.6279267749566, 340.47616326562525, 747.6279267749566]"
    }
},
{
    "model": "docServer.edge",
    "pk": 14,
    "fields": {
        "fromPort": "B",
        "created_by": [
            "admin"
        ],
        "tgt": 20,
        "type": 0,
        "date_created": "2015-06-27T12:58:15.093Z",
        "toPort": "T",
        "src": 16,
        "graph": 3,
        "date_modified": "2015-06-27T13:11:10.003Z",
        "points": "[990.263729984375, 688.3751598687065, 990.263729984375, 698.3751598687065, 990.263729984375, 718.2515433218316, 1393.828125, 718.2515433218316, 1393.828125, 738.1279267749566, 1393.828125, 748.1279267749566]"
    }
},
{
    "model": "docServer.edge",
    "pk": 15,
    "fields": {
        "fromPort": "B",
        "created_by": [
            "admin"
        ],
        "tgt": 21,
        "type": 0,
        "date_created": "2015-06-27T12:58:15.096Z",
        "toPort": "T",
        "src": 18,
        "graph": 3,
        "date_modified": "2015-06-27T13:11:10.010Z",
        "points": "[637.1005807536529, 895.4883093374565, 637.1005807536529, 905.4883093374565, 637.1005807536529, 924.4907906746162, 637.1005807536529, 924.4907906746162, 637.1005807536529, 943.4932720117757, 637.1005807536529, 953.4932720117757]"
    }
},
{
    "model": "docServer.edge",
    "pk": 16,
    "fields": {
        "fromPort": "B",
        "created_by": [
            "admin"
        ],
        "tgt": 22,
        "type": 0,
        "date_created": "2015-06-27T12:58:15.099Z",
        "toPort": "T",
        "src": 21,
        "graph": 3,
        "date_modified": "2015-06-27T13:11:10.018Z",
        "points": "[637.1005807536529, 1021.4932720117757, 637.1005807536529, 1031.4932720117758, 637.1005807536529, 1046.4348925833106, 637.1005807536529, 1046.4348925833106, 637.1005807536529, 1061.376513154845, 637.1005807536529, 1071.376513154845]"
    }
},
{
    "model": "docServer.edge",
    "pk": 17,
    "fields": {
        "fromPort": "B",
        "created_by": [
            "admin"
        ],
        "tgt": 21,
        "type": 0,
        "date_created": "2015-06-27T12:58:15.102Z",
        "toPort": "T",
        "src": 17,
        "graph": 3,
        "date_modified": "2015-06-27T13:11:10.028Z",
        "points": "[340.47616326562525, 905.6279267749566, 340.47616326562525, 915.6279267749566, 340.47616326562525, 929.5605993933661, 637.1005807536529, 929.5605993933661, 637.1005807536529, 943.4932720117757, 637.1005807536529, 953.4932720117757]"
    }
},
{
    "model": "docServer.edge",
    "pk": 18,
    "fields": {
        "fromPort": "B",
        "created_by": [
            "admin"
        ],
        "tgt": 21,
        "type": 0,
        "date_created": "2015-06-27T12:58:15.105Z",
        "toPort": "T",
        "src": 19,
        "graph": 3,
        "date_modified": "2015-06-27T13:11:10.036Z",
        "points": "[990.263729984375, 904.6279267749566, 990.263729984375, 914.6279267749566, 990.263729984375, 929.0605993933661, 637.1005807536529, 929.0605993933661, 637.1005807536529, 943.4932720117757, 637.1005807536529, 953.4932720117757]"
    }
},
{
    "model": "docServer.edge",
    "pk": 19,
    "fields": {
        "fromPort": "B",
        "created_by": [
            "admin"
        ],
        "tgt": 21,
        "type": 0,
        "date_created": "2015-06-27T12:58:15.108Z",
        "toPort": "T",
        "src": 20,
        "graph": 3,
        "date_modified": "2015-06-27T13:11:10.044Z",
        "points": "[1393.828125, 905.1279267749566, 1393.828125, 915.1279267749566, 1393.828125, 929.3105993933661, 637.1005807536529, 929.3105993933661, 637.1005807536529, 943.4932720117757, 637.1005807536529, 953.4932720117757]"
    }
},
{
    "model": "docServer.edge",
    "pk": 20,
    "fields": {
        "fromPort": "B",
        "created_by": [
            "admin"
        ],
        "tgt": 24,
        "type": 0,
        "date_created": "2015-06-27T12:58:15.111Z",
        "toPort": "T",
        "src": 22,
        "graph": 3,
        "date_modified": "2015-06-27T13:11:10.052Z",
        "points": "[637.1005807536529, 1166.376513154845, 637.1005807536529, 1176.376513154845, 637.1005807536529, 1224.3103812810673, 637.1005807536529, 1224.3103812810673, 637.1005807536529, 1272.2442494072893, 637.1005807536529, 1282.2442494072893]"
    }
},
{
    "model": "docServer.edge",
    "pk": 21,
    "fields": {
        "fromPort": "B",
        "created_by": [
            "admin"
        ],
        "tgt": 23,
        "type": 0,
        "date_created": "2015-06-27T12:58:15.114Z",
        "toPort": "T",
        "src": 22,
        "graph": 3,
        "date_modified": "2015-06-27T13:11:10.060Z",
        "points": "[637.1005807536529, 1166.376513154845, 637.1005807536529, 1176.376513154845, 637.1005807536529, 1224.1272604821522, 336.4558763437502, 1224.1272604821522, 336.4558763437502, 1271.8780078094594, 336.4558763437502, 1281.8780078094594]"
    }
},
{
    "model": "docServer.edge",
    "pk": 22,
    "fields": {
        "fromPort": "B",
        "created_by": [
            "admin"
        ],
        "tgt": 25,
        "type": 0,
        "date_created": "2015-06-27T12:58:15.117Z",
        "toPort": "T",
        "src": 22,
        "graph": 3,
        "date_modified": "2015-06-27T13:11:10.069Z",
        "points": "[637.1005807536529, 1166.376513154845, 637.1005807536529, 1176.376513154845, 637.1005807536529, 1223.5277071310393, 996.4690428482891, 1223.5277071310393, 996.4690428482891, 1270.6789011072333, 996.4690428482891, 1280.6789011072333]"
    }
},
{
    "model": "docServer.edge",
    "pk": 23,
    "fields": {
        "fromPort": "B",
        "created_by": [
            "admin"
        ],
        "tgt": 26,
        "type": 0,
        "date_created": "2015-06-27T12:58:15.120Z",
        "toPort": "T",
        "src": 23,
        "graph": 3,
        "date_modified": "2015-06-27T13:11:10.078Z",
        "points": "[336.4558763437502, 1345.8780078094594, 336.4558763437502, 1355.8780078094594, 336.4558763437502, 1405.0754026262473, 336.4558763437502, 1405.0754026262473, 336.4558763437502, 1454.2727974430352, 336.4558763437502, 1464.2727974430352]"
    }
},
{
    "model": "docServer.edge",
    "pk": 24,
    "fields": {
        "fromPort": "B",
        "created_by": [
            "admin"
        ],
        "tgt": 27,
        "type": 0,
        "date_created": "2015-06-27T12:58:15.123Z",
        "toPort": "T",
        "src": 24,
        "graph": 3,
        "date_modified": "2015-06-27T13:11:10.087Z",
        "points": "[637.1005807536529, 1344.2442494072893, 637.1005807536529, 1354.2442494072893, 637.1005807536529, 1405.1882609944491, 637.1005807536529, 1405.1882609944491, 637.1005807536529, 1456.1322725816087, 637.1005807536529, 1466.1322725816087]"
    }
},
{
    "model": "docServer.edge",
    "pk": 25,
    "fields": {
        "fromPort": "B",
        "created_by": [
            "admin"
        ],
        "tgt": 28,
        "type": 0,
        "date_created": "2015-06-27T12:58:15.126Z",
        "toPort": "T",
        "src": 25,
        "graph": 3,
        "date_modified": "2015-06-27T13:11:10.096Z",
        "points": "[996.4690428482891, 1349.6789011072333, 996.4690428482891, 1359.6789011072333, 996.4690428482891, 1405.480957036587, 990.263729984375, 1405.480957036587, 990.263729984375, 1451.2830129659403, 990.263729984375, 1461.2830129659403]"
    }
},
{
    "model": "docServer.edge",
    "pk": 26,
    "fields": {
        "fromPort": "B",
        "created_by": [
            "admin"
        ],
        "tgt": 29,
        "type": 0,
        "date_created": "2015-06-27T12:58:15.130Z",
        "toPort": "T",
        "src": 28,
        "graph": 3,
        "date_modified": "2015-06-27T13:11:10.105Z",
        "points": "[990.263729984375, 1564.2830129659403, 990.263729984375, 1574.2830129659403, 990.263729984375, 1589.3683117264, 1393.828125, 1589.3683117264, 1393.828125, 1604.4536104868598, 1393.828125, 1614.4536104868598]"
    }
},
{
    "model": "docServer.edge",
    "pk": 27,
    "fields": {
        "fromPort": "B",
        "created_by": [
            "admin"
        ],
        "tgt": 31,
        "type": 0,
        "date_created": "2015-06-27T12:58:15.133Z",
        "toPort": "T",
        "src": 35,
        "graph": 3,
        "date_modified": "2015-06-27T13:11:10.113Z",
        "points": "[990.263729984375, 1875.3731949702562, 990.263729984375, 1885.3731949702562, 990.263729984375, 1957.873668324808, 336.4558763437502, 1957.873668324808, 336.4558763437502, 2030.3741416793596, 336.4558763437502, 2040.3741416793596]"
    }
},
{
    "model": "docServer.edge",
    "pk": 28,
    "fields": {
        "fromPort": "B",
        "created_by": [
            "admin"
        ],
        "tgt": 32,
        "type": 0,
        "date_created": "2015-06-27T12:58:15.136Z",
        "toPort": "T",
        "src": 31,
        "graph": 3,
        "date_modified": "2015-06-27T13:11:10.121Z",
        "points": "[336.4558763437502, 2094.3741416793596, 336.4558763437502, 2104.3741416793596, 336.4558763437502, 2132.972933300493, 337.7959719843752, 2132.972933300493, 337.7959719843752, 2161.5717249216264, 337.7959719843752, 2171.5717249216264]"
    }
},
{
    "model": "docServer.edge",
    "pk": 29,
    "fields": {
        "fromPort": "B",
        "created_by": [
            "admin"
        ],
        "tgt": 33,
        "type": 0,
        "date_created": "2015-06-27T12:58:15.139Z",
        "toPort": "T",
        "src": 32,
        "graph": 3,
        "date_modified": "2015-06-27T13:11:10.131Z",
        "points": "[337.7959719843752, 2262.5717249216264, 337.7959719843752, 2272.5717249216264, 337.7959719843752, 2273.9074192122935, 337.7959719843752, 2273.9074192122935, 337.7959719843752, 2275.2431135029606, 337.7959719843752, 2285.2431135029606]"
    }
},
{
    "model": "docServer.edge",
    "pk": 30,
    "fields": {
        "fromPort": "B",
        "created_by": [
            "admin"
        ],
        "tgt": 35,
        "type": 0,
        "date_created": "2015-06-27T12:58:15.142Z",
        "toPort": "T",
        "src": 34,
        "graph": 3,
        "date_modified": "2015-06-27T13:11:10.139Z",
        "points": "[990.263729984375, 1720.7230870792625, 990.263729984375, 1730.7230870792625, 990.263729984375, 1746.5481410247594, 990.263729984375, 1746.5481410247594, 990.263729984375, 1762.3731949702562, 990.263729984375, 1772.3731949702562]"
    }
},
{
    "model": "docServer.edge",
    "pk": 31,
    "fields": {
        "fromPort": "B",
        "created_by": [
            "admin"
        ],
        "tgt": 31,
        "type": 0,
        "date_created": "2015-06-27T12:58:15.146Z",
        "toPort": "T",
        "src": 30,
        "graph": 3,
        "date_modified": "2015-06-27T13:11:10.147Z",
        "points": "[1393.828125, 1959.5724636849873, 1393.828125, 1969.5724636849873, 1393.828125, 1999.9733026821734, 336.4558763437502, 1999.9733026821734, 336.4558763437502, 2030.3741416793596, 336.4558763437502, 2040.3741416793596]"
    }
},
{
    "model": "docServer.edge",
    "pk": 32,
    "fields": {
        "fromPort": "B",
        "created_by": [
            "admin"
        ],
        "tgt": 30,
        "type": 0,
        "date_created": "2015-06-27T12:58:15.149Z",
        "toPort": "T",
        "src": 29,
        "graph": 3,
        "date_modified": "2015-06-27T13:11:10.155Z",
        "points": "[1393.828125, 1681.4536104868598, 1393.828125, 1691.4536104868598, 1393.828125, 1764.0130370859235, 1393.828125, 1764.0130370859235, 1393.828125, 1836.5724636849873, 1393.828125, 1846.5724636849873]"
    }
},
{
    "model": "docServer.edge",
    "pk": 33,
    "fields": {
        "fromPort": "B",
        "created_by": [
            "admin"
        ],
        "tgt": 31,
        "type": 0,
        "date_created": "2015-06-27T12:58:15.152Z",
        "toPort": "T",
        "src": 27,
        "graph": 3,
        "date_modified": "2015-06-27T13:11:10.163Z",
        "points": "[637.1005807536529, 1557.1322725816087, 637.1005807536529, 1567.1322725816087, 637.1005807536529, 1798.753207130484, 336.4558763437502, 1798.753207130484, 336.4558763437502, 2030.3741416793596, 336.4558763437502, 2040.3741416793596]"
    }
},
{
    "model": "docServer.edge",
    "pk": 34,
    "fields": {
        "fromPort": "B",
        "created_by": [
            "admin"
        ],
        "tgt": 31,
        "type": 0,
        "date_created": "2015-06-27T12:58:15.155Z",
        "toPort": "T",
        "src": 26,
        "graph": 3,
        "date_modified": "2015-06-27T13:11:10.171Z",
        "points": "[336.4558763437502, 1560.2727974430352, 336.4558763437502, 1570.2727974430352, 336.4558763437502, 1800.3234695611973, 336.4558763437502, 1800.3234695611973, 336.4558763437502, 2030.3741416793596, 336.4558763437502, 2040.3741416793596]"
    }
},
{
    "model": "docServer.edge",
    "pk": 35,
    "fields": {
        "fromPort": "B",
        "created_by": [
            "admin"
        ],
        "tgt": 31,
        "type": 0,
        "date_created": "2015-06-27T12:58:35.105Z",
        "toPort": "T",
        "src": 28,
        "graph": 3,
        "date_modified": "2015-06-27T13:11:10.180Z",
        "points": "[990.263729984375, 1564.2830129659403, 990.263729984375, 1574.2830129659403, 990.263729984375, 1585.0818749267592, 336.4558763437502, 1585.0818749267592, 336.4558763437502, 2030.3741416793596, 336.4558763437502, 2040.3741416793596]"
    }
},
{
    "model": "docServer.edge",
    "pk": 36,
    "fields": {
        "fromPort": "",
        "created_by": [
            "admin"
        ],
        "tgt": 18,
        "type": 1,
        "date_created": "2015-06-27T13:00:40.152Z",
        "toPort": "",
        "src": 17,
        "graph": 3,
        "date_modified": "2015-06-27T13:11:10.188Z",
        "points": "[402.476000020048, 827.7483431136744, 583.6007439992302, 831.0214988689738]"
    }
},
{
    "model": "docServer.edge",
    "pk": 37,
    "fields": {
        "fromPort": "",
        "created_by": [
            "admin"
        ],
        "tgt": 19,
        "type": 1,
        "date_created": "2015-06-27T13:00:40.155Z",
        "toPort": "",
        "src": 18,
        "graph": 3,
        "date_modified": "2015-06-27T13:11:10.196Z",
        "points": "[690.6004655846033, 831.1762771354324, 931.7638451534247, 827.5158500003529]"
    }
},
{
    "model": "docServer.edge",
    "pk": 38,
    "fields": {
        "fromPort": "",
        "created_by": [
            "admin"
        ],
        "tgt": 20,
        "type": 1,
        "date_created": "2015-06-27T13:00:40.158Z",
        "toPort": "",
        "src": 19,
        "graph": 3,
        "date_modified": "2015-06-27T13:11:10.203Z",
        "points": "[1048.763729984375, 826.6279267749566, 1337.328125, 826.6279267749566]"
    }
},
{
    "model": "docServer.edge",
    "pk": 39,
    "fields": {
        "fromPort": "",
        "created_by": [
            "admin"
        ],
        "tgt": 27,
        "type": 1,
        "date_created": "2015-06-27T13:00:40.161Z",
        "toPort": "",
        "src": 26,
        "graph": 3,
        "date_modified": "2015-06-27T13:11:10.209Z",
        "points": "[376.45587407423346, 1512.1875772724234, 597.1005830231696, 1511.7174927522206]"
    }
},
{
    "model": "docServer.edge",
    "pk": 40,
    "fields": {
        "fromPort": "",
        "created_by": [
            "admin"
        ],
        "tgt": 28,
        "type": 1,
        "date_created": "2015-06-27T13:00:40.165Z",
        "toPort": "",
        "src": 27,
        "graph": 3,
        "date_modified": "2015-06-27T13:11:10.216Z",
        "points": "[677.1005754451692, 1511.762607837042, 951.7637352928588, 1512.6575652832346]"
    }
},
{
    "model": "docServer.edge",
    "pk": 41,
    "fields": {
        "fromPort": "",
        "created_by": [
            "admin"
        ],
        "tgt": 30,
        "type": 1,
        "date_created": "2015-06-27T13:00:40.169Z",
        "toPort": "",
        "src": 28,
        "graph": 3,
        "date_modified": "2015-06-27T13:11:10.223Z",
        "points": "[1028.4825606158943, 1549.7446641882252, 1348.6092943684807, 1859.3410721467174]"
    }
},
{
    "model": "docServer.edge",
    "pk": 42,
    "fields": {
        "fromPort": "",
        "created_by": [
            "admin"
        ],
        "tgt": 30,
        "type": 1,
        "date_created": "2015-06-27T13:00:40.172Z",
        "toPort": "",
        "src": 35,
        "graph": 3,
        "date_modified": "2015-06-27T13:11:10.232Z",
        "points": "[1032.245012043657, 1832.1119962120588, 1348.346842940718, 1894.1467895576548]"
    }
}
]
